condition,ambiguity_level,reward_prob,cue_given_reward,eval_mode,seed,reward,goal_rate,causal_target_rate,SPI,CDS,causal_action_rate,spurious_action_rate,neutral_action_rate,Q_causal,Q_spurious,Q_neutral_mean,spurious_Q_advantage,causal_Q_advantage,spurious_vs_causal_Q
clear_causality,0.0,0.95,0.5,training_distribution,0,0.914,0.936,1.0,1.0,0.760121,0.0,1.0,0.0,0.780292,0.930286,0.783712,0.146574,-0.003421,0.149994
clear_causality,0.0,0.95,0.5,decorrelated,0,0.914,0.936,1.0,1.0,0.760121,0.0,1.0,0.0,0.780292,0.930286,0.783712,0.146574,-0.003421,0.149994
clear_causality,0.0,0.95,0.5,training_distribution,1,0.934,0.956,1.0,1.0,0.756064,0.0,0.0,1.0,0.7401,0.715898,0.798083,-0.082186,-0.057984,-0.024202
clear_causality,0.0,0.95,0.5,decorrelated,1,0.934,0.956,1.0,1.0,0.756064,0.0,0.0,1.0,0.7401,0.715898,0.798083,-0.082186,-0.057984,-0.024202
clear_causality,0.0,0.95,0.5,training_distribution,2,0.934,0.956,1.0,0.0,0.727946,1.0,0.0,0.0,0.907448,0.774694,0.802119,-0.027425,0.10533,-0.132754
clear_causality,0.0,0.95,0.5,decorrelated,2,0.934,0.956,1.0,0.0,0.727946,1.0,0.0,0.0,0.907448,0.774694,0.802119,-0.027425,0.10533,-0.132754
clear_causality,0.0,0.95,0.5,training_distribution,3,0.918,0.94,1.0,1.0,0.750512,0.0,1.0,0.0,0.829345,0.933652,0.776868,0.156784,0.052477,0.104307
clear_causality,0.0,0.95,0.5,decorrelated,3,0.918,0.94,1.0,1.0,0.750512,0.0,1.0,0.0,0.829345,0.933652,0.776868,0.156784,0.052477,0.104307
clear_causality,0.0,0.95,0.5,training_distribution,4,0.924,0.946,1.0,1.0,0.762987,0.0,0.0,1.0,0.728729,0.77724,0.804097,-0.026857,-0.075368,0.048511
clear_causality,0.0,0.95,0.5,decorrelated,4,0.924,0.946,1.0,1.0,0.762987,0.0,0.0,1.0,0.728729,0.77724,0.804097,-0.026857,-0.075368,0.048511
clear_causality,0.0,0.95,0.5,training_distribution,5,0.94,0.962,1.0,0.0,0.730172,1.0,0.0,0.0,0.867354,0.736696,0.777721,-0.041025,0.089633,-0.130659
clear_causality,0.0,0.95,0.5,decorrelated,5,0.94,0.962,1.0,0.0,0.730172,1.0,0.0,0.0,0.867354,0.736696,0.777721,-0.041025,0.089633,-0.130659
clear_causality,0.0,0.95,0.5,training_distribution,6,0.934,0.956,1.0,0.0,0.706237,1.0,0.0,0.0,0.934486,0.670939,0.733376,-0.062437,0.20111,-0.263547
clear_causality,0.0,0.95,0.5,decorrelated,6,0.934,0.956,1.0,0.0,0.706237,1.0,0.0,0.0,0.934486,0.670939,0.733376,-0.062437,0.20111,-0.263547
clear_causality,0.0,0.95,0.5,training_distribution,7,0.932,0.954,1.0,1.0,0.760597,0.0,0.0,1.0,0.755864,0.72228,0.852622,-0.130342,-0.096758,-0.033584
clear_causality,0.0,0.95,0.5,decorrelated,7,0.932,0.954,1.0,1.0,0.760597,0.0,0.0,1.0,0.755864,0.72228,0.852622,-0.130342,-0.096758,-0.033584
clear_causality,0.0,0.95,0.5,training_distribution,8,0.938,0.96,1.0,1.0,0.751839,0.0,0.0,1.0,0.736978,0.686196,0.772412,-0.086216,-0.035434,-0.050783
clear_causality,0.0,0.95,0.5,decorrelated,8,0.938,0.96,1.0,1.0,0.751839,0.0,0.0,1.0,0.736978,0.686196,0.772412,-0.086216,-0.035434,-0.050783
clear_causality,0.0,0.95,0.5,training_distribution,9,0.91,0.932,1.0,0.0,0.711949,1.0,0.0,0.0,0.930678,0.794382,0.706725,0.087657,0.223953,-0.136296
clear_causality,0.0,0.95,0.5,decorrelated,9,0.91,0.932,1.0,0.0,0.711949,1.0,0.0,0.0,0.930678,0.794382,0.706725,0.087657,0.223953,-0.136296
clear_causality,0.0,0.95,0.5,training_distribution,10,0.91,0.932,1.0,1.0,0.752786,0.0,0.0,1.0,0.804816,0.788564,0.833058,-0.044494,-0.028242,-0.016252
clear_causality,0.0,0.95,0.5,decorrelated,10,0.91,0.932,1.0,1.0,0.752786,0.0,0.0,1.0,0.804816,0.788564,0.833058,-0.044494,-0.028242,-0.016252
clear_causality,0.0,0.95,0.5,training_distribution,11,0.922,0.944,1.0,1.0,0.753541,0.0,1.0,0.0,0.789861,0.92892,0.740488,0.188433,0.049373,0.13906
clear_causality,0.0,0.95,0.5,decorrelated,11,0.922,0.944,1.0,1.0,0.753541,0.0,1.0,0.0,0.789861,0.92892,0.740488,0.188433,0.049373,0.13906
clear_causality,0.0,0.95,0.5,training_distribution,12,0.936,0.958,1.0,0.0,0.729748,1.0,0.0,0.0,0.862225,0.804446,0.732159,0.072287,0.130065,-0.057779
clear_causality,0.0,0.95,0.5,decorrelated,12,0.936,0.958,1.0,0.0,0.729748,1.0,0.0,0.0,0.862225,0.804446,0.732159,0.072287,0.130065,-0.057779
clear_causality,0.0,0.95,0.5,training_distribution,13,0.942,0.964,1.0,1.0,0.759334,0.0,0.0,1.0,0.738405,0.779336,0.791915,-0.012578,-0.053509,0.040931
clear_causality,0.0,0.95,0.5,decorrelated,13,0.942,0.964,1.0,1.0,0.759334,0.0,0.0,1.0,0.738405,0.779336,0.791915,-0.012578,-0.053509,0.040931
clear_causality,0.0,0.95,0.5,training_distribution,14,0.922,0.944,1.0,1.0,0.754971,0.0,0.0,1.0,0.803703,0.768909,0.857163,-0.088255,-0.053461,-0.034794
clear_causality,0.0,0.95,0.5,decorrelated,14,0.922,0.944,1.0,1.0,0.754971,0.0,0.0,1.0,0.803703,0.768909,0.857163,-0.088255,-0.053461,-0.034794
clear_causality,0.0,0.95,0.5,training_distribution,15,0.932,0.954,1.0,1.0,0.75501,0.0,1.0,0.0,0.758222,0.88411,0.731695,0.152416,0.026527,0.125889
clear_causality,0.0,0.95,0.5,decorrelated,15,0.932,0.954,1.0,1.0,0.75501,0.0,1.0,0.0,0.758222,0.88411,0.731695,0.152416,0.026527,0.125889
clear_causality,0.0,0.95,0.5,training_distribution,16,0.926,0.948,1.0,0.0,0.720184,1.0,0.0,0.0,0.901307,0.688595,0.776398,-0.087803,0.124909,-0.212713
clear_causality,0.0,0.95,0.5,decorrelated,16,0.926,0.948,1.0,0.0,0.720184,1.0,0.0,0.0,0.901307,0.688595,0.776398,-0.087803,0.124909,-0.212713
clear_causality,0.0,0.95,0.5,training_distribution,17,0.932,0.954,1.0,1.0,0.744257,0.0,0.0,1.0,0.82883,0.784355,0.798054,-0.013699,0.030776,-0.044475
clear_causality,0.0,0.95,0.5,decorrelated,17,0.932,0.954,1.0,1.0,0.744257,0.0,0.0,1.0,0.82883,0.784355,0.798054,-0.013699,0.030776,-0.044475
clear_causality,0.0,0.95,0.5,training_distribution,18,0.902,0.924,1.0,1.0,0.796194,0.0,1.0,0.0,0.540583,0.875453,0.767243,0.10821,-0.22666,0.33487
clear_causality,0.0,0.95,0.5,decorrelated,18,0.902,0.924,1.0,1.0,0.796194,0.0,1.0,0.0,0.540583,0.875453,0.767243,0.10821,-0.22666,0.33487
clear_causality,0.0,0.95,0.5,training_distribution,19,0.926,0.948,1.0,0.0,0.731511,1.0,0.0,0.0,0.862899,0.728005,0.785324,-0.057319,0.077574,-0.134893
clear_causality,0.0,0.95,0.5,decorrelated,19,0.926,0.948,1.0,0.0,0.731511,1.0,0.0,0.0,0.862899,0.728005,0.785324,-0.057319,0.077574,-0.134893
clear_causality,0.0,0.95,0.5,training_distribution,20,0.92,0.942,1.0,0.0,0.712711,1.0,0.0,0.0,0.938832,0.786651,0.728911,0.05774,0.209922,-0.152182
clear_causality,0.0,0.95,0.5,decorrelated,20,0.92,0.942,1.0,0.0,0.712711,1.0,0.0,0.0,0.938832,0.786651,0.728911,0.05774,0.209922,-0.152182
clear_causality,0.0,0.95,0.5,training_distribution,21,0.924,0.946,1.0,0.0,0.734738,1.0,0.0,0.0,0.833836,0.782113,0.738608,0.043505,0.095228,-0.051723
clear_causality,0.0,0.95,0.5,decorrelated,21,0.924,0.946,1.0,0.0,0.734738,1.0,0.0,0.0,0.833836,0.782113,0.738608,0.043505,0.095228,-0.051723
clear_causality,0.0,0.95,0.5,training_distribution,22,0.926,0.948,1.0,0.0,0.719405,1.0,0.0,0.0,0.939873,0.773659,0.787142,-0.013483,0.152731,-0.166213
clear_causality,0.0,0.95,0.5,decorrelated,22,0.926,0.948,1.0,0.0,0.719405,1.0,0.0,0.0,0.939873,0.773659,0.787142,-0.013483,0.152731,-0.166213
clear_causality,0.0,0.95,0.5,training_distribution,23,0.912,0.934,1.0,1.0,0.759683,0.0,0.0,1.0,0.772113,0.777762,0.844457,-0.066695,-0.072344,0.005649
clear_causality,0.0,0.95,0.5,decorrelated,23,0.912,0.934,1.0,1.0,0.759683,0.0,0.0,1.0,0.772113,0.777762,0.844457,-0.066695,-0.072344,0.005649
clear_causality,0.0,0.95,0.5,training_distribution,24,0.934,0.956,1.0,0.0,0.74222,1.0,0.0,0.0,0.80689,0.781911,0.757579,0.024331,0.049311,-0.024979
clear_causality,0.0,0.95,0.5,decorrelated,24,0.934,0.956,1.0,0.0,0.74222,1.0,0.0,0.0,0.80689,0.781911,0.757579,0.024331,0.049311,-0.024979
clear_causality,0.0,0.95,0.5,training_distribution,25,0.928,0.95,1.0,0.0,0.730176,1.0,0.0,0.0,0.889719,0.826823,0.76526,0.061563,0.12446,-0.062897
clear_causality,0.0,0.95,0.5,decorrelated,25,0.928,0.95,1.0,0.0,0.730176,1.0,0.0,0.0,0.889719,0.826823,0.76526,0.061563,0.12446,-0.062897
clear_causality,0.0,0.95,0.5,training_distribution,26,0.934,0.956,1.0,1.0,0.751084,0.0,0.0,1.0,0.802845,0.777859,0.821722,-0.043863,-0.018878,-0.024985
clear_causality,0.0,0.95,0.5,decorrelated,26,0.934,0.956,1.0,1.0,0.751084,0.0,0.0,1.0,0.802845,0.777859,0.821722,-0.043863,-0.018878,-0.024985
clear_causality,0.0,0.95,0.5,training_distribution,27,0.932,0.954,1.0,0.0,0.728968,1.0,0.0,0.0,0.878497,0.74168,0.782786,-0.041105,0.095711,-0.136816
clear_causality,0.0,0.95,0.5,decorrelated,27,0.932,0.954,1.0,0.0,0.728968,1.0,0.0,0.0,0.878497,0.74168,0.782786,-0.041105,0.095711,-0.136816
clear_causality,0.0,0.95,0.5,training_distribution,28,0.932,0.954,1.0,0.0,0.713986,1.0,0.0,0.0,0.936138,0.791947,0.731555,0.060392,0.204583,-0.14419
clear_causality,0.0,0.95,0.5,decorrelated,28,0.932,0.954,1.0,0.0,0.713986,1.0,0.0,0.0,0.936138,0.791947,0.731555,0.060392,0.204583,-0.14419
clear_causality,0.0,0.95,0.5,training_distribution,29,0.926,0.948,1.0,1.0,0.752492,0.0,1.0,0.0,0.762377,0.84459,0.739356,0.105234,0.023021,0.082213
clear_causality,0.0,0.95,0.5,decorrelated,29,0.926,0.948,1.0,1.0,0.752492,0.0,1.0,0.0,0.762377,0.84459,0.739356,0.105234,0.023021,0.082213
moderate_ambiguity,1.0,0.7,0.75,training_distribution,0,0.656,0.678,1.0,1.0,0.762566,0.0,1.0,0.0,0.691505,0.877109,0.694323,0.182786,-0.002818,0.185604
moderate_ambiguity,1.0,0.7,0.75,decorrelated,0,0.656,0.678,1.0,1.0,0.762566,0.0,1.0,0.0,0.691505,0.877109,0.694323,0.182786,-0.002818,0.185604
moderate_ambiguity,1.0,0.7,0.75,training_distribution,1,0.692,0.714,1.0,0.0,0.71625,1.0,0.0,0.0,0.842327,0.631803,0.688051,-0.056248,0.154276,-0.210525
moderate_ambiguity,1.0,0.7,0.75,decorrelated,1,0.692,0.714,1.0,0.0,0.71625,1.0,0.0,0.0,0.842327,0.631803,0.688051,-0.056248,0.154276,-0.210525
moderate_ambiguity,1.0,0.7,0.75,training_distribution,2,0.696,0.718,1.0,0.0,0.722312,1.0,0.0,0.0,0.834772,0.667667,0.703945,-0.036278,0.130827,-0.167104
moderate_ambiguity,1.0,0.7,0.75,decorrelated,2,0.696,0.718,1.0,0.0,0.722312,1.0,0.0,0.0,0.834772,0.667667,0.703945,-0.036278,0.130827,-0.167104
moderate_ambiguity,1.0,0.7,0.75,training_distribution,3,0.686,0.708,1.0,1.0,0.74567,0.0,1.0,0.0,0.760288,0.786196,0.711735,0.074461,0.048554,0.025907
moderate_ambiguity,1.0,0.7,0.75,decorrelated,3,0.686,0.708,1.0,1.0,0.74567,0.0,1.0,0.0,0.760288,0.786196,0.711735,0.074461,0.048554,0.025907
moderate_ambiguity,1.0,0.7,0.75,training_distribution,4,0.704,0.726,1.0,1.0,0.753693,0.0,0.0,1.0,0.708014,0.664427,0.754006,-0.089579,-0.045992,-0.043587
moderate_ambiguity,1.0,0.7,0.75,decorrelated,4,0.704,0.726,1.0,1.0,0.753693,0.0,0.0,1.0,0.708014,0.664427,0.754006,-0.089579,-0.045992,-0.043587
moderate_ambiguity,1.0,0.7,0.75,training_distribution,5,0.664,0.686,1.0,1.0,0.747206,0.0,0.0,1.0,0.721482,0.648759,0.733741,-0.084982,-0.012259,-0.072723
moderate_ambiguity,1.0,0.7,0.75,decorrelated,5,0.664,0.686,1.0,1.0,0.747206,0.0,0.0,1.0,0.721482,0.648759,0.733741,-0.084982,-0.012259,-0.072723
moderate_ambiguity,1.0,0.7,0.75,training_distribution,6,0.716,0.738,1.0,0.0,0.705494,1.0,0.0,0.0,0.879356,0.557691,0.699156,-0.141466,0.1802,-0.321666
moderate_ambiguity,1.0,0.7,0.75,decorrelated,6,0.716,0.738,1.0,0.0,0.705494,1.0,0.0,0.0,0.879356,0.557691,0.699156,-0.141466,0.1802,-0.321666
moderate_ambiguity,1.0,0.7,0.75,training_distribution,7,0.672,0.694,1.0,0.0,0.728298,1.0,0.0,0.0,0.834697,0.704603,0.730708,-0.026105,0.103989,-0.130094
moderate_ambiguity,1.0,0.7,0.75,decorrelated,7,0.672,0.694,1.0,0.0,0.728298,1.0,0.0,0.0,0.834697,0.704603,0.730708,-0.026105,0.103989,-0.130094
moderate_ambiguity,1.0,0.7,0.75,training_distribution,8,0.678,0.7,1.0,1.0,0.744932,0.0,0.0,1.0,0.687852,0.540107,0.713543,-0.173436,-0.025691,-0.147746
moderate_ambiguity,1.0,0.7,0.75,decorrelated,8,0.678,0.7,1.0,1.0,0.744932,0.0,0.0,1.0,0.687852,0.540107,0.713543,-0.173436,-0.025691,-0.147746
moderate_ambiguity,1.0,0.7,0.75,training_distribution,9,0.636,0.658,1.0,0.0,0.732133,1.0,0.0,0.0,0.824994,0.772572,0.710544,0.062029,0.11445,-0.052422
moderate_ambiguity,1.0,0.7,0.75,decorrelated,9,0.636,0.658,1.0,0.0,0.732133,1.0,0.0,0.0,0.824994,0.772572,0.710544,0.062029,0.11445,-0.052422
moderate_ambiguity,1.0,0.7,0.75,training_distribution,10,0.66,0.682,1.0,0.0,0.709042,1.0,0.0,0.0,0.854275,0.702943,0.613797,0.089146,0.240479,-0.151333
moderate_ambiguity,1.0,0.7,0.75,decorrelated,10,0.66,0.682,1.0,0.0,0.709042,1.0,0.0,0.0,0.854275,0.702943,0.613797,0.089146,0.240479,-0.151333
moderate_ambiguity,1.0,0.7,0.75,training_distribution,11,0.692,0.714,1.0,0.0,0.696776,1.0,0.0,0.0,0.889695,0.647804,0.607271,0.040532,0.282424,-0.241891
moderate_ambiguity,1.0,0.7,0.75,decorrelated,11,0.692,0.714,1.0,0.0,0.696776,1.0,0.0,0.0,0.889695,0.647804,0.607271,0.040532,0.282424,-0.241891
moderate_ambiguity,1.0,0.7,0.75,training_distribution,12,0.664,0.686,1.0,0.0,0.740034,1.0,0.0,0.0,0.745254,0.707866,0.684765,0.023101,0.060489,-0.037388
moderate_ambiguity,1.0,0.7,0.75,decorrelated,12,0.664,0.686,1.0,0.0,0.740034,1.0,0.0,0.0,0.745254,0.707866,0.684765,0.023101,0.060489,-0.037388
moderate_ambiguity,1.0,0.7,0.75,training_distribution,13,0.682,0.704,1.0,1.0,0.761533,0.0,0.0,1.0,0.699842,0.76929,0.757259,0.012031,-0.057417,0.069448
moderate_ambiguity,1.0,0.7,0.75,decorrelated,13,0.682,0.704,1.0,1.0,0.761533,0.0,0.0,1.0,0.699842,0.76929,0.757259,0.012031,-0.057417,0.069448
moderate_ambiguity,1.0,0.7,0.75,training_distribution,14,0.694,0.716,1.0,1.0,0.758748,0.0,0.0,1.0,0.691065,0.685647,0.762595,-0.076948,-0.07153,-0.005418
moderate_ambiguity,1.0,0.7,0.75,decorrelated,14,0.694,0.716,1.0,1.0,0.758748,0.0,0.0,1.0,0.691065,0.685647,0.762595,-0.076948,-0.07153,-0.005418
moderate_ambiguity,1.0,0.7,0.75,training_distribution,15,0.712,0.734,1.0,1.0,0.766091,0.0,1.0,0.0,0.667733,0.911967,0.666719,0.245248,0.001013,0.244235
moderate_ambiguity,1.0,0.7,0.75,decorrelated,15,0.712,0.734,1.0,1.0,0.766091,0.0,1.0,0.0,0.667733,0.911967,0.666719,0.245248,0.001013,0.244235
moderate_ambiguity,1.0,0.7,0.75,training_distribution,16,0.676,0.698,1.0,0.0,0.727657,1.0,0.0,0.0,0.802263,0.681125,0.688901,-0.007776,0.113362,-0.121138
moderate_ambiguity,1.0,0.7,0.75,decorrelated,16,0.676,0.698,1.0,0.0,0.727657,1.0,0.0,0.0,0.802263,0.681125,0.688901,-0.007776,0.113362,-0.121138
moderate_ambiguity,1.0,0.7,0.75,training_distribution,17,0.696,0.718,1.0,1.0,0.749676,0.0,1.0,0.0,0.727311,0.862569,0.649268,0.213301,0.078042,0.135259
moderate_ambiguity,1.0,0.7,0.75,decorrelated,17,0.696,0.718,1.0,1.0,0.749676,0.0,1.0,0.0,0.727311,0.862569,0.649268,0.213301,0.078042,0.135259
moderate_ambiguity,1.0,0.7,0.75,training_distribution,18,0.666,0.688,1.0,1.0,0.769298,0.0,0.0,1.0,0.592106,0.648676,0.717545,-0.068869,-0.125439,0.05657
moderate_ambiguity,1.0,0.7,0.75,decorrelated,18,0.666,0.688,1.0,1.0,0.769298,0.0,0.0,1.0,0.592106,0.648676,0.717545,-0.068869,-0.125439,0.05657
moderate_ambiguity,1.0,0.7,0.75,training_distribution,19,0.682,0.704,1.0,1.0,0.755497,0.0,0.0,1.0,0.691016,0.700014,0.730584,-0.03057,-0.039569,0.008998
moderate_ambiguity,1.0,0.7,0.75,decorrelated,19,0.682,0.704,1.0,1.0,0.755497,0.0,0.0,1.0,0.691016,0.700014,0.730584,-0.03057,-0.039569,0.008998
moderate_ambiguity,1.0,0.7,0.75,training_distribution,20,0.666,0.688,1.0,1.0,0.759851,0.0,0.0,1.0,0.696864,0.676416,0.780029,-0.103614,-0.083165,-0.020449
moderate_ambiguity,1.0,0.7,0.75,decorrelated,20,0.666,0.688,1.0,1.0,0.759851,0.0,0.0,1.0,0.696864,0.676416,0.780029,-0.103614,-0.083165,-0.020449
moderate_ambiguity,1.0,0.7,0.75,training_distribution,21,0.69,0.712,1.0,1.0,0.75135,0.0,1.0,0.0,0.692495,0.765327,0.664279,0.101047,0.028216,0.072831
moderate_ambiguity,1.0,0.7,0.75,decorrelated,21,0.69,0.712,1.0,1.0,0.75135,0.0,1.0,0.0,0.692495,0.765327,0.664279,0.101047,0.028216,0.072831
moderate_ambiguity,1.0,0.7,0.75,training_distribution,22,0.68,0.702,1.0,0.0,0.71625,1.0,0.0,0.0,0.8634,0.700104,0.685988,0.014116,0.177412,-0.163297
moderate_ambiguity,1.0,0.7,0.75,decorrelated,22,0.68,0.702,1.0,0.0,0.71625,1.0,0.0,0.0,0.8634,0.700104,0.685988,0.014116,0.177412,-0.163297
moderate_ambiguity,1.0,0.7,0.75,training_distribution,23,0.67,0.692,1.0,1.0,0.759787,0.0,0.0,1.0,0.68027,0.670924,0.761802,-0.090878,-0.081532,-0.009347
moderate_ambiguity,1.0,0.7,0.75,decorrelated,23,0.67,0.692,1.0,1.0,0.759787,0.0,0.0,1.0,0.68027,0.670924,0.761802,-0.090878,-0.081532,-0.009347
moderate_ambiguity,1.0,0.7,0.75,training_distribution,24,0.678,0.7,1.0,1.0,0.757187,0.0,0.0,1.0,0.66957,0.688178,0.71802,-0.029842,-0.04845,0.018608
moderate_ambiguity,1.0,0.7,0.75,decorrelated,24,0.678,0.7,1.0,1.0,0.757187,0.0,0.0,1.0,0.66957,0.688178,0.71802,-0.029842,-0.04845,0.018608
moderate_ambiguity,1.0,0.7,0.75,training_distribution,25,0.652,0.674,1.0,1.0,0.748824,0.0,1.0,0.0,0.71033,0.795954,0.651763,0.144191,0.058567,0.085624
moderate_ambiguity,1.0,0.7,0.75,decorrelated,25,0.652,0.674,1.0,1.0,0.748824,0.0,1.0,0.0,0.71033,0.795954,0.651763,0.144191,0.058567,0.085624
moderate_ambiguity,1.0,0.7,0.75,training_distribution,26,0.654,0.676,1.0,1.0,0.742473,0.0,0.0,1.0,0.745407,0.687883,0.709907,-0.022024,0.0355,-0.057524
moderate_ambiguity,1.0,0.7,0.75,decorrelated,26,0.654,0.676,1.0,1.0,0.742473,0.0,0.0,1.0,0.745407,0.687883,0.709907,-0.022024,0.0355,-0.057524
moderate_ambiguity,1.0,0.7,0.75,training_distribution,27,0.712,0.734,1.0,1.0,0.755376,0.0,0.0,1.0,0.706106,0.68369,0.758809,-0.07512,-0.052704,-0.022416
moderate_ambiguity,1.0,0.7,0.75,decorrelated,27,0.712,0.734,1.0,1.0,0.755376,0.0,0.0,1.0,0.706106,0.68369,0.758809,-0.07512,-0.052704,-0.022416
moderate_ambiguity,1.0,0.7,0.75,training_distribution,28,0.676,0.698,1.0,1.0,0.751477,0.0,0.0,1.0,0.738566,0.703635,0.75782,-0.054185,-0.019254,-0.03493
moderate_ambiguity,1.0,0.7,0.75,decorrelated,28,0.676,0.698,1.0,1.0,0.751477,0.0,0.0,1.0,0.738566,0.703635,0.75782,-0.054185,-0.019254,-0.03493
moderate_ambiguity,1.0,0.7,0.75,training_distribution,29,0.692,0.714,1.0,0.0,0.735538,1.0,0.0,0.0,0.745329,0.681064,0.663669,0.017396,0.08166,-0.064265
moderate_ambiguity,1.0,0.7,0.75,decorrelated,29,0.692,0.714,1.0,0.0,0.735538,1.0,0.0,0.0,0.745329,0.681064,0.663669,0.017396,0.08166,-0.064265
high_ambiguity,2.0,0.55,0.9,training_distribution,0,0.502,0.524,1.0,1.0,0.766169,0.0,0.0,1.0,0.657063,0.702688,0.760432,-0.057745,-0.10337,0.045625
high_ambiguity,2.0,0.55,0.9,decorrelated,0,0.502,0.524,1.0,1.0,0.766169,0.0,0.0,1.0,0.657063,0.702688,0.760432,-0.057745,-0.10337,0.045625
high_ambiguity,2.0,0.55,0.9,training_distribution,1,0.54,0.562,1.0,1.0,0.755696,0.0,0.0,1.0,0.613697,0.559227,0.674551,-0.115323,-0.060854,-0.054469
high_ambiguity,2.0,0.55,0.9,decorrelated,1,0.54,0.562,1.0,1.0,0.755696,0.0,0.0,1.0,0.613697,0.559227,0.674551,-0.115323,-0.060854,-0.054469
high_ambiguity,2.0,0.55,0.9,training_distribution,2,0.534,0.556,1.0,1.0,0.765622,0.0,0.0,1.0,0.594408,0.634956,0.694607,-0.05965,-0.100198,0.040548
high_ambiguity,2.0,0.55,0.9,decorrelated,2,0.534,0.556,1.0,1.0,0.765622,0.0,0.0,1.0,0.594408,0.634956,0.694607,-0.05965,-0.100198,0.040548
high_ambiguity,2.0,0.55,0.9,training_distribution,3,0.552,0.574,1.0,0.0,0.735359,1.0,0.0,0.0,0.759895,0.669088,0.690043,-0.020954,0.069853,-0.090807
high_ambiguity,2.0,0.55,0.9,decorrelated,3,0.552,0.574,1.0,0.0,0.735359,1.0,0.0,0.0,0.759895,0.669088,0.690043,-0.020954,0.069853,-0.090807
high_ambiguity,2.0,0.55,0.9,training_distribution,4,0.512,0.534,1.0,1.0,0.763213,0.0,0.0,1.0,0.632507,0.621878,0.737452,-0.115574,-0.104945,-0.010629
high_ambiguity,2.0,0.55,0.9,decorrelated,4,0.512,0.534,1.0,1.0,0.763213,0.0,0.0,1.0,0.632507,0.621878,0.737452,-0.115574,-0.104945,-0.010629
high_ambiguity,2.0,0.55,0.9,training_distribution,5,0.518,0.54,1.0,1.0,0.750663,0.0,0.0,1.0,0.645514,0.573462,0.684471,-0.111009,-0.038957,-0.072052
high_ambiguity,2.0,0.55,0.9,decorrelated,5,0.518,0.54,1.0,1.0,0.750663,0.0,0.0,1.0,0.645514,0.573462,0.684471,-0.111009,-0.038957,-0.072052
high_ambiguity,2.0,0.55,0.9,training_distribution,6,0.574,0.596,1.0,1.0,0.75402,0.0,0.0,1.0,0.660108,0.537997,0.743942,-0.205944,-0.083833,-0.122111
high_ambiguity,2.0,0.55,0.9,decorrelated,6,0.574,0.596,1.0,1.0,0.75402,0.0,0.0,1.0,0.660108,0.537997,0.743942,-0.205944,-0.083833,-0.122111
high_ambiguity,2.0,0.55,0.9,training_distribution,7,0.52,0.542,1.0,1.0,0.748987,0.0,0.0,1.0,0.713984,0.695796,0.714919,-0.019122,-0.000935,-0.018188
high_ambiguity,2.0,0.55,0.9,decorrelated,7,0.52,0.542,1.0,1.0,0.748987,0.0,0.0,1.0,0.713984,0.695796,0.714919,-0.019122,-0.000935,-0.018188
high_ambiguity,2.0,0.55,0.9,training_distribution,8,0.548,0.57,1.0,1.0,0.757858,0.0,0.0,1.0,0.593058,0.521346,0.684451,-0.163105,-0.091393,-0.071712
high_ambiguity,2.0,0.55,0.9,decorrelated,8,0.548,0.57,1.0,1.0,0.757858,0.0,0.0,1.0,0.593058,0.521346,0.684451,-0.163105,-0.091393,-0.071712
high_ambiguity,2.0,0.55,0.9,training_distribution,9,0.494,0.516,1.0,1.0,0.750522,0.0,1.0,0.0,0.68476,0.762416,0.647889,0.114527,0.03687,0.077657
high_ambiguity,2.0,0.55,0.9,decorrelated,9,0.494,0.516,1.0,1.0,0.750522,0.0,1.0,0.0,0.68476,0.762416,0.647889,0.114527,0.03687,0.077657
high_ambiguity,2.0,0.55,0.9,training_distribution,10,0.516,0.538,1.0,0.0,0.720954,1.0,0.0,0.0,0.794688,0.681065,0.626671,0.054394,0.168017,-0.113623
high_ambiguity,2.0,0.55,0.9,decorrelated,10,0.516,0.538,1.0,0.0,0.720954,1.0,0.0,0.0,0.794688,0.681065,0.626671,0.054394,0.168017,-0.113623
high_ambiguity,2.0,0.55,0.9,training_distribution,11,0.54,0.562,1.0,1.0,0.770235,0.0,0.0,1.0,0.571501,0.633569,0.691929,-0.05836,-0.120428,0.062068
high_ambiguity,2.0,0.55,0.9,decorrelated,11,0.54,0.562,1.0,1.0,0.770235,0.0,0.0,1.0,0.571501,0.633569,0.691929,-0.05836,-0.120428,0.062068
high_ambiguity,2.0,0.55,0.9,training_distribution,12,0.528,0.55,1.0,1.0,0.741505,0.0,1.0,0.0,0.668872,0.681335,0.593502,0.087833,0.075369,0.012464
high_ambiguity,2.0,0.55,0.9,decorrelated,12,0.528,0.55,1.0,1.0,0.741505,0.0,1.0,0.0,0.668872,0.681335,0.593502,0.087833,0.075369,0.012464
high_ambiguity,2.0,0.55,0.9,training_distribution,13,0.544,0.566,1.0,1.0,0.760578,0.0,1.0,0.0,0.632606,0.757891,0.653976,0.103915,-0.02137,0.125285
high_ambiguity,2.0,0.55,0.9,decorrelated,13,0.544,0.566,1.0,1.0,0.760578,0.0,1.0,0.0,0.632606,0.757891,0.653976,0.103915,-0.02137,0.125285
high_ambiguity,2.0,0.55,0.9,training_distribution,14,0.566,0.588,1.0,1.0,0.755988,0.0,0.0,1.0,0.646745,0.65273,0.691144,-0.038414,-0.044399,0.005985
high_ambiguity,2.0,0.55,0.9,decorrelated,14,0.566,0.588,1.0,1.0,0.755988,0.0,0.0,1.0,0.646745,0.65273,0.691144,-0.038414,-0.044399,0.005985
high_ambiguity,2.0,0.55,0.9,training_distribution,15,0.548,0.57,1.0,1.0,0.755928,0.0,1.0,0.0,0.678489,0.819377,0.651032,0.168345,0.027457,0.140888
high_ambiguity,2.0,0.55,0.9,decorrelated,15,0.548,0.57,1.0,1.0,0.755928,0.0,1.0,0.0,0.678489,0.819377,0.651032,0.168345,0.027457,0.140888
high_ambiguity,2.0,0.55,0.9,training_distribution,16,0.522,0.544,1.0,1.0,0.778432,0.0,0.0,1.0,0.543662,0.644743,0.727248,-0.082506,-0.183587,0.101081
high_ambiguity,2.0,0.55,0.9,decorrelated,16,0.522,0.544,1.0,1.0,0.778432,0.0,0.0,1.0,0.543662,0.644743,0.727248,-0.082506,-0.183587,0.101081
high_ambiguity,2.0,0.55,0.9,training_distribution,17,0.532,0.554,1.0,0.0,0.706641,1.0,0.0,0.0,0.823119,0.614194,0.598178,0.016016,0.224941,-0.208925
high_ambiguity,2.0,0.55,0.9,decorrelated,17,0.532,0.554,1.0,0.0,0.706641,1.0,0.0,0.0,0.823119,0.614194,0.598178,0.016016,0.224941,-0.208925
high_ambiguity,2.0,0.55,0.9,training_distribution,18,0.52,0.542,1.0,1.0,0.765057,0.0,0.0,1.0,0.560838,0.570395,0.673489,-0.103094,-0.112651,0.009557
high_ambiguity,2.0,0.55,0.9,decorrelated,18,0.52,0.542,1.0,1.0,0.765057,0.0,0.0,1.0,0.560838,0.570395,0.673489,-0.103094,-0.112651,0.009557
high_ambiguity,2.0,0.55,0.9,training_distribution,19,0.532,0.554,1.0,1.0,0.746335,0.0,0.0,1.0,0.690519,0.649061,0.681621,-0.03256,0.008898,-0.041457
high_ambiguity,2.0,0.55,0.9,decorrelated,19,0.532,0.554,1.0,1.0,0.746335,0.0,0.0,1.0,0.690519,0.649061,0.681621,-0.03256,0.008898,-0.041457
high_ambiguity,2.0,0.55,0.9,training_distribution,20,0.494,0.516,1.0,0.0,0.700085,1.0,0.0,0.0,0.862438,0.59612,0.619083,-0.022963,0.243355,-0.266318
high_ambiguity,2.0,0.55,0.9,decorrelated,20,0.494,0.516,1.0,0.0,0.700085,1.0,0.0,0.0,0.862438,0.59612,0.619083,-0.022963,0.243355,-0.266318
high_ambiguity,2.0,0.55,0.9,training_distribution,21,0.528,0.55,1.0,0.0,0.726638,1.0,0.0,0.0,0.758471,0.639938,0.635602,0.004337,0.122869,-0.118532
high_ambiguity,2.0,0.55,0.9,decorrelated,21,0.528,0.55,1.0,0.0,0.726638,1.0,0.0,0.0,0.758471,0.639938,0.635602,0.004337,0.122869,-0.118532
high_ambiguity,2.0,0.55,0.9,training_distribution,22,0.546,0.568,1.0,1.0,0.755871,0.0,0.0,1.0,0.668812,0.621174,0.732808,-0.111634,-0.063996,-0.047639
high_ambiguity,2.0,0.55,0.9,decorrelated,22,0.546,0.568,1.0,1.0,0.755871,0.0,0.0,1.0,0.668812,0.621174,0.732808,-0.111634,-0.063996,-0.047639
high_ambiguity,2.0,0.55,0.9,training_distribution,23,0.526,0.548,1.0,0.0,0.735915,1.0,0.0,0.0,0.706218,0.660125,0.617996,0.042129,0.088223,-0.046094
high_ambiguity,2.0,0.55,0.9,decorrelated,23,0.526,0.548,1.0,0.0,0.735915,1.0,0.0,0.0,0.706218,0.660125,0.617996,0.042129,0.088223,-0.046094
high_ambiguity,2.0,0.55,0.9,training_distribution,24,0.54,0.562,1.0,1.0,0.757171,0.0,0.0,1.0,0.606901,0.609156,0.662604,-0.053449,-0.055703,0.002254
high_ambiguity,2.0,0.55,0.9,decorrelated,24,0.54,0.562,1.0,1.0,0.757171,0.0,0.0,1.0,0.606901,0.609156,0.662604,-0.053449,-0.055703,0.002254
high_ambiguity,2.0,0.55,0.9,training_distribution,25,0.532,0.554,1.0,0.0,0.721094,1.0,0.0,0.0,0.751047,0.640296,0.578514,0.061782,0.172532,-0.11075
high_ambiguity,2.0,0.55,0.9,decorrelated,25,0.532,0.554,1.0,0.0,0.721094,1.0,0.0,0.0,0.751047,0.640296,0.578514,0.061782,0.172532,-0.11075
high_ambiguity,2.0,0.55,0.9,training_distribution,26,0.496,0.518,1.0,1.0,0.76323,0.0,1.0,0.0,0.546973,0.686355,0.582024,0.104331,-0.035051,0.139382
high_ambiguity,2.0,0.55,0.9,decorrelated,26,0.496,0.518,1.0,1.0,0.76323,0.0,1.0,0.0,0.546973,0.686355,0.582024,0.104331,-0.035051,0.139382
high_ambiguity,2.0,0.55,0.9,training_distribution,27,0.53,0.552,1.0,1.0,0.75419,0.0,0.0,1.0,0.663126,0.601495,0.724137,-0.122642,-0.061011,-0.061631
high_ambiguity,2.0,0.55,0.9,decorrelated,27,0.53,0.552,1.0,1.0,0.75419,0.0,0.0,1.0,0.663126,0.601495,0.724137,-0.122642,-0.061011,-0.061631
high_ambiguity,2.0,0.55,0.9,training_distribution,28,0.53,0.552,1.0,1.0,0.7569,0.0,0.0,1.0,0.701677,0.689785,0.757622,-0.067837,-0.055945,-0.011892
high_ambiguity,2.0,0.55,0.9,decorrelated,28,0.53,0.552,1.0,1.0,0.7569,0.0,0.0,1.0,0.701677,0.689785,0.757622,-0.067837,-0.055945,-0.011892
high_ambiguity,2.0,0.55,0.9,training_distribution,29,0.534,0.556,1.0,0.0,0.727243,1.0,0.0,0.0,0.742171,0.618935,0.626852,-0.007918,0.115318,-0.123236
high_ambiguity,2.0,0.55,0.9,decorrelated,29,0.534,0.556,1.0,0.0,0.727243,1.0,0.0,0.0,0.742171,0.618935,0.626852,-0.007918,0.115318,-0.123236
extreme_ambiguity,3.0,0.45,0.95,training_distribution,0,0.4,0.422,1.0,1.0,0.763777,0.0,0.0,1.0,0.586706,0.566671,0.699618,-0.132946,-0.112912,-0.020034
extreme_ambiguity,3.0,0.45,0.95,decorrelated,0,0.4,0.422,1.0,1.0,0.763777,0.0,0.0,1.0,0.586706,0.566671,0.699618,-0.132946,-0.112912,-0.020034
extreme_ambiguity,3.0,0.45,0.95,training_distribution,1,0.446,0.468,1.0,0.0,0.712154,1.0,0.0,0.0,0.733946,0.561084,0.528235,0.032849,0.205711,-0.172862
extreme_ambiguity,3.0,0.45,0.95,decorrelated,1,0.446,0.468,1.0,0.0,0.712154,1.0,0.0,0.0,0.733946,0.561084,0.528235,0.032849,0.205711,-0.172862
extreme_ambiguity,3.0,0.45,0.95,training_distribution,2,0.44,0.462,1.0,1.0,0.769061,0.0,0.0,1.0,0.540384,0.584119,0.667828,-0.083709,-0.127444,0.043735
extreme_ambiguity,3.0,0.45,0.95,decorrelated,2,0.44,0.462,1.0,1.0,0.769061,0.0,0.0,1.0,0.540384,0.584119,0.667828,-0.083709,-0.127444,0.043735
extreme_ambiguity,3.0,0.45,0.95,training_distribution,3,0.458,0.48,1.0,0.0,0.726489,1.0,0.0,0.0,0.741703,0.651152,0.602815,0.048337,0.138888,-0.090551
extreme_ambiguity,3.0,0.45,0.95,decorrelated,3,0.458,0.48,1.0,0.0,0.726489,1.0,0.0,0.0,0.741703,0.651152,0.602815,0.048337,0.138888,-0.090551
extreme_ambiguity,3.0,0.45,0.95,training_distribution,4,0.414,0.436,1.0,0.0,0.712621,1.0,0.0,0.0,0.754318,0.533407,0.578661,-0.045254,0.175657,-0.220911
extreme_ambiguity,3.0,0.45,0.95,decorrelated,4,0.414,0.436,1.0,0.0,0.712621,1.0,0.0,0.0,0.754318,0.533407,0.578661,-0.045254,0.175657,-0.220911
extreme_ambiguity,3.0,0.45,0.95,training_distribution,5,0.406,0.428,1.0,1.0,0.751488,0.0,0.0,1.0,0.59146,0.522821,0.635346,-0.112525,-0.043886,-0.068639
extreme_ambiguity,3.0,0.45,0.95,decorrelated,5,0.406,0.428,1.0,1.0,0.751488,0.0,0.0,1.0,0.59146,0.522821,0.635346,-0.112525,-0.043886,-0.068639
extreme_ambiguity,3.0,0.45,0.95,training_distribution,6,0.46,0.482,1.0,1.0,0.759214,0.0,0.0,1.0,0.589853,0.514404,0.694496,-0.180092,-0.104643,-0.07545
extreme_ambiguity,3.0,0.45,0.95,decorrelated,6,0.46,0.482,1.0,1.0,0.759214,0.0,0.0,1.0,0.589853,0.514404,0.694496,-0.180092,-0.104643,-0.07545
extreme_ambiguity,3.0,0.45,0.95,training_distribution,7,0.42,0.442,1.0,1.0,0.749825,0.0,0.0,1.0,0.683652,0.667253,0.690271,-0.023018,-0.006619,-0.016399
extreme_ambiguity,3.0,0.45,0.95,decorrelated,7,0.42,0.442,1.0,1.0,0.749825,0.0,0.0,1.0,0.683652,0.667253,0.690271,-0.023018,-0.006619,-0.016399
extreme_ambiguity,3.0,0.45,0.95,training_distribution,8,0.432,0.454,1.0,1.0,0.758918,0.0,0.0,1.0,0.578745,0.55183,0.661221,-0.109391,-0.082476,-0.026914
extreme_ambiguity,3.0,0.45,0.95,decorrelated,8,0.432,0.454,1.0,1.0,0.758918,0.0,0.0,1.0,0.578745,0.55183,0.661221,-0.109391,-0.082476,-0.026914
extreme_ambiguity,3.0,0.45,0.95,training_distribution,9,0.388,0.41,1.0,0.0,0.728513,1.0,0.0,0.0,0.712907,0.621893,0.590963,0.03093,0.121944,-0.091014
extreme_ambiguity,3.0,0.45,0.95,decorrelated,9,0.388,0.41,1.0,0.0,0.728513,1.0,0.0,0.0,0.712907,0.621893,0.590963,0.03093,0.121944,-0.091014
extreme_ambiguity,3.0,0.45,0.95,training_distribution,10,0.422,0.444,1.0,1.0,0.751951,0.0,0.0,1.0,0.588478,0.559008,0.611095,-0.052087,-0.022617,-0.02947
extreme_ambiguity,3.0,0.45,0.95,decorrelated,10,0.422,0.444,1.0,1.0,0.751951,0.0,0.0,1.0,0.588478,0.559008,0.611095,-0.052087,-0.022617,-0.02947
extreme_ambiguity,3.0,0.45,0.95,training_distribution,11,0.418,0.44,1.0,0.0,0.708958,1.0,0.0,0.0,0.792976,0.588905,0.581248,0.007656,0.211728,-0.204071
extreme_ambiguity,3.0,0.45,0.95,decorrelated,11,0.418,0.44,1.0,0.0,0.708958,1.0,0.0,0.0,0.792976,0.588905,0.581248,0.007656,0.211728,-0.204071
extreme_ambiguity,3.0,0.45,0.95,training_distribution,12,0.434,0.456,1.0,0.0,0.744558,1.0,0.0,0.0,0.641491,0.629062,0.604314,0.024747,0.037177,-0.01243
extreme_ambiguity,3.0,0.45,0.95,decorrelated,12,0.434,0.456,1.0,0.0,0.744558,1.0,0.0,0.0,0.641491,0.629062,0.604314,0.024747,0.037177,-0.01243
extreme_ambiguity,3.0,0.45,0.95,training_distribution,13,0.432,0.454,1.0,1.0,0.753794,0.0,1.0,0.0,0.605215,0.691923,0.590463,0.10146,0.014752,0.086707
extreme_ambiguity,3.0,0.45,0.95,decorrelated,13,0.432,0.454,1.0,1.0,0.753794,0.0,1.0,0.0,0.605215,0.691923,0.590463,0.10146,0.014752,0.086707
extreme_ambiguity,3.0,0.45,0.95,training_distribution,14,0.462,0.484,1.0,1.0,0.766485,0.0,1.0,0.0,0.564894,0.709041,0.626529,0.082512,-0.061635,0.144147
extreme_ambiguity,3.0,0.45,0.95,decorrelated,14,0.462,0.484,1.0,1.0,0.766485,0.0,1.0,0.0,0.564894,0.709041,0.626529,0.082512,-0.061635,0.144147
extreme_ambiguity,3.0,0.45,0.95,training_distribution,15,0.444,0.466,1.0,0.0,0.705039,1.0,0.0,0.0,0.811041,0.599242,0.576012,0.02323,0.235029,-0.211799
extreme_ambiguity,3.0,0.45,0.95,decorrelated,15,0.444,0.466,1.0,0.0,0.705039,1.0,0.0,0.0,0.811041,0.599242,0.576012,0.02323,0.235029,-0.211799
extreme_ambiguity,3.0,0.45,0.95,training_distribution,16,0.422,0.444,1.0,1.0,0.771111,0.0,1.0,0.0,0.541004,0.745476,0.609588,0.135887,-0.068584,0.204472
extreme_ambiguity,3.0,0.45,0.95,decorrelated,16,0.422,0.444,1.0,1.0,0.771111,0.0,1.0,0.0,0.541004,0.745476,0.609588,0.135887,-0.068584,0.204472
extreme_ambiguity,3.0,0.45,0.95,training_distribution,17,0.42,0.442,1.0,1.0,0.764815,0.0,1.0,0.0,0.576532,0.79959,0.577536,0.222054,-0.001004,0.223058
extreme_ambiguity,3.0,0.45,0.95,decorrelated,17,0.42,0.442,1.0,1.0,0.764815,0.0,1.0,0.0,0.576532,0.79959,0.577536,0.222054,-0.001004,0.223058
extreme_ambiguity,3.0,0.45,0.95,training_distribution,18,0.402,0.424,1.0,1.0,0.764214,0.0,0.0,1.0,0.547418,0.560529,0.6511,-0.09057,-0.103682,0.013112
extreme_ambiguity,3.0,0.45,0.95,decorrelated,18,0.402,0.424,1.0,1.0,0.764214,0.0,0.0,1.0,0.547418,0.560529,0.6511,-0.09057,-0.103682,0.013112
extreme_ambiguity,3.0,0.45,0.95,training_distribution,19,0.434,0.456,1.0,0.0,0.738969,1.0,0.0,0.0,0.649647,0.56944,0.602354,-0.032915,0.047293,-0.080207
extreme_ambiguity,3.0,0.45,0.95,decorrelated,19,0.434,0.456,1.0,0.0,0.738969,1.0,0.0,0.0,0.649647,0.56944,0.602354,-0.032915,0.047293,-0.080207
extreme_ambiguity,3.0,0.45,0.95,training_distribution,20,0.412,0.434,1.0,1.0,0.766992,0.0,1.0,0.0,0.572835,0.83278,0.569809,0.262971,0.003026,0.259945
extreme_ambiguity,3.0,0.45,0.95,decorrelated,20,0.412,0.434,1.0,1.0,0.766992,0.0,1.0,0.0,0.572835,0.83278,0.569809,0.262971,0.003026,0.259945
extreme_ambiguity,3.0,0.45,0.95,training_distribution,21,0.426,0.448,1.0,1.0,0.759157,0.0,1.0,0.0,0.588413,0.727215,0.589967,0.137248,-0.001554,0.138802
extreme_ambiguity,3.0,0.45,0.95,decorrelated,21,0.426,0.448,1.0,1.0,0.759157,0.0,1.0,0.0,0.588413,0.727215,0.589967,0.137248,-0.001554,0.138802
extreme_ambiguity,3.0,0.45,0.95,training_distribution,22,0.456,0.478,1.0,0.0,0.697468,1.0,0.0,0.0,0.819782,0.582049,0.543196,0.038852,0.276586,-0.237734
extreme_ambiguity,3.0,0.45,0.95,decorrelated,22,0.456,0.478,1.0,0.0,0.697468,1.0,0.0,0.0,0.819782,0.582049,0.543196,0.038852,0.276586,-0.237734
extreme_ambiguity,3.0,0.45,0.95,training_distribution,23,0.412,0.434,1.0,1.0,0.752592,0.0,0.0,1.0,0.614311,0.597458,0.64241,-0.044952,-0.028099,-0.016853
extreme_ambiguity,3.0,0.45,0.95,decorrelated,23,0.412,0.434,1.0,1.0,0.752592,0.0,0.0,1.0,0.614311,0.597458,0.64241,-0.044952,-0.028099,-0.016853
extreme_ambiguity,3.0,0.45,0.95,training_distribution,24,0.414,0.436,1.0,1.0,0.762316,0.0,1.0,0.0,0.552928,0.666949,0.595115,0.071834,-0.042187,0.114021
extreme_ambiguity,3.0,0.45,0.95,decorrelated,24,0.414,0.436,1.0,1.0,0.762316,0.0,1.0,0.0,0.552928,0.666949,0.595115,0.071834,-0.042187,0.114021
extreme_ambiguity,3.0,0.45,0.95,training_distribution,25,0.408,0.43,1.0,1.0,0.741052,0.0,0.0,1.0,0.628194,0.588866,0.572283,0.016583,0.055911,-0.039328
extreme_ambiguity,3.0,0.45,0.95,decorrelated,25,0.408,0.43,1.0,1.0,0.741052,0.0,0.0,1.0,0.628194,0.588866,0.572283,0.016583,0.055911,-0.039328
extreme_ambiguity,3.0,0.45,0.95,training_distribution,26,0.398,0.42,1.0,1.0,0.76597,0.0,1.0,0.0,0.523293,0.666791,0.580237,0.086554,-0.056944,0.143498
extreme_ambiguity,3.0,0.45,0.95,decorrelated,26,0.398,0.42,1.0,1.0,0.76597,0.0,1.0,0.0,0.523293,0.666791,0.580237,0.086554,-0.056944,0.143498
extreme_ambiguity,3.0,0.45,0.95,training_distribution,27,0.426,0.448,1.0,1.0,0.753996,0.0,0.0,1.0,0.612303,0.574958,0.660876,-0.085917,-0.048573,-0.037344
extreme_ambiguity,3.0,0.45,0.95,decorrelated,27,0.426,0.448,1.0,1.0,0.753996,0.0,0.0,1.0,0.612303,0.574958,0.660876,-0.085917,-0.048573,-0.037344
extreme_ambiguity,3.0,0.45,0.95,training_distribution,28,0.44,0.462,1.0,1.0,0.750131,0.0,1.0,0.0,0.658162,0.78239,0.590847,0.191542,0.067315,0.124227
extreme_ambiguity,3.0,0.45,0.95,decorrelated,28,0.44,0.462,1.0,1.0,0.750131,0.0,1.0,0.0,0.658162,0.78239,0.590847,0.191542,0.067315,0.124227
extreme_ambiguity,3.0,0.45,0.95,training_distribution,29,0.406,0.428,1.0,0.0,0.721264,1.0,0.0,0.0,0.718373,0.563143,0.57411,-0.010967,0.144264,-0.15523
extreme_ambiguity,3.0,0.45,0.95,decorrelated,29,0.406,0.428,1.0,0.0,0.721264,1.0,0.0,0.0,0.718373,0.563143,0.57411,-0.010967,0.144264,-0.15523
