condition,proxy_strength,p_proxy_given_reward,p_proxy_given_no_reward,eval_mode,agent_type,seed,reward,goal_rate,SPI,CDS,causal_action_rate,proxy_action_rate,neutral_action_rate,Q_causal,Q_proxy,Q_neutral_mean,proxy_Q_advantage,proxy_vs_causal_Q,proxy_dependence,proxy_action_dependence
no_proxy,0.0,0.5,0.5,training_distribution_eval,memoryless_agent,0,0.492,0.514,0.8516,0.751,0.1484,0.4488,0.4028,0.286388,0.295426,0.289356,0.00607,0.009038,0.088741,0.087776
no_proxy,0.0,0.5,0.5,decorrelated_eval,memoryless_agent,0,0.492,0.514,0.8516,0.751,0.1484,0.4488,0.4028,0.286388,0.295426,0.289356,0.00607,0.009038,0.088741,0.087776
no_proxy,0.0,0.5,0.5,training_distribution_eval,memoryless_agent,1,0.498,0.52,0.8096,0.752642,0.1904,0.2012,0.6084,0.275558,0.278749,0.294691,-0.015941,0.003192,0.012991,-0.207044
no_proxy,0.0,0.5,0.5,decorrelated_eval,memoryless_agent,1,0.498,0.52,0.8096,0.752642,0.1904,0.2012,0.6084,0.275558,0.278749,0.294691,-0.015941,0.003192,0.012991,-0.207044
no_proxy,0.0,0.5,0.5,training_distribution_eval,memoryless_agent,2,0.516,0.538,0.7508,0.749973,0.2492,0.2506,0.5002,0.306617,0.304491,0.307264,-0.002774,-0.002126,0.092644,-0.099039
no_proxy,0.0,0.5,0.5,decorrelated_eval,memoryless_agent,2,0.516,0.538,0.7508,0.749973,0.2492,0.2506,0.5002,0.306617,0.304491,0.307264,-0.002774,-0.002126,0.092644,-0.099039
no_proxy,0.0,0.5,0.5,training_distribution_eval,memoryless_agent,3,0.47,0.492,0.6492,0.747129,0.3508,0.245,0.4042,0.328361,0.324442,0.307558,0.016884,-0.003919,-0.109727,0.101037
no_proxy,0.0,0.5,0.5,decorrelated_eval,memoryless_agent,3,0.47,0.492,0.6492,0.747129,0.3508,0.245,0.4042,0.328361,0.324442,0.307558,0.016884,-0.003919,-0.109727,0.101037
no_proxy,0.0,0.5,0.5,training_distribution_eval,memoryless_agent,4,0.48,0.502,0.545,0.743967,0.455,0.1592,0.3858,0.328901,0.296989,0.298457,-0.001468,-0.031912,0.10798,0.091351
no_proxy,0.0,0.5,0.5,decorrelated_eval,memoryless_agent,4,0.48,0.502,0.545,0.743967,0.455,0.1592,0.3858,0.328901,0.296989,0.298457,-0.001468,-0.031912,0.10798,0.091351
no_proxy,0.0,0.5,0.5,training_distribution_eval,memoryless_agent,5,0.476,0.498,0.7514,0.751515,0.2486,0.1956,0.5558,0.301949,0.306094,0.311382,-0.005288,0.004145,-0.09161,-0.000348
no_proxy,0.0,0.5,0.5,decorrelated_eval,memoryless_agent,5,0.476,0.498,0.7514,0.751515,0.2486,0.1956,0.5558,0.301949,0.306094,0.311382,-0.005288,0.004145,-0.09161,-0.000348
no_proxy,0.0,0.5,0.5,training_distribution_eval,memoryless_agent,6,0.468,0.49,0.6558,0.748113,0.3442,0.25,0.4058,0.320921,0.30631,0.313493,-0.007183,-0.014611,-0.101225,0.09325
no_proxy,0.0,0.5,0.5,decorrelated_eval,memoryless_agent,6,0.468,0.49,0.6558,0.748113,0.3442,0.25,0.4058,0.320921,0.30631,0.313493,-0.007183,-0.014611,-0.101225,0.09325
no_proxy,0.0,0.5,0.5,training_distribution_eval,memoryless_agent,7,0.484,0.506,0.6548,0.748845,0.3452,0.299,0.3558,0.290041,0.291631,0.280587,0.011045,0.001591,0.293659,-0.199766
no_proxy,0.0,0.5,0.5,decorrelated_eval,memoryless_agent,7,0.484,0.506,0.6548,0.748845,0.3452,0.299,0.3558,0.290041,0.291631,0.280587,0.011045,0.001591,0.293659,-0.199766
no_proxy,0.0,0.5,0.5,training_distribution_eval,memoryless_agent,8,0.468,0.49,0.6954,0.749067,0.3046,0.2416,0.4538,0.311246,0.313493,0.304597,0.008896,0.002247,0.217238,-0.296921
no_proxy,0.0,0.5,0.5,decorrelated_eval,memoryless_agent,8,0.468,0.49,0.6954,0.749067,0.3046,0.2416,0.4538,0.311246,0.313493,0.304597,0.008896,0.002247,0.217238,-0.296921
no_proxy,0.0,0.5,0.5,training_distribution_eval,memoryless_agent,9,0.444,0.466,0.7476,0.748867,0.2524,0.0998,0.6478,0.297616,0.276612,0.299308,-0.022696,-0.021005,-0.099006,-0.19984
no_proxy,0.0,0.5,0.5,decorrelated_eval,memoryless_agent,9,0.444,0.466,0.7476,0.748867,0.2524,0.0998,0.6478,0.297616,0.276612,0.299308,-0.022696,-0.021005,-0.099006,-0.19984
no_proxy,0.0,0.5,0.5,training_distribution_eval,memoryless_agent,10,0.488,0.51,0.6578,0.748286,0.3422,0.3504,0.3074,0.298287,0.29397,0.286617,0.007353,-0.004317,0.092948,0.105361
no_proxy,0.0,0.5,0.5,decorrelated_eval,memoryless_agent,10,0.488,0.51,0.6578,0.748286,0.3422,0.3504,0.3074,0.298287,0.29397,0.286617,0.007353,-0.004317,0.092948,0.105361
no_proxy,0.0,0.5,0.5,training_distribution_eval,memoryless_agent,11,0.484,0.506,0.7474,0.75036,0.2526,0.3008,0.4466,0.293077,0.297114,0.293613,0.003502,0.004038,-0.091398,0.195441
no_proxy,0.0,0.5,0.5,decorrelated_eval,memoryless_agent,11,0.484,0.506,0.7474,0.75036,0.2526,0.3008,0.4466,0.293077,0.297114,0.293613,0.003502,0.004038,-0.091398,0.195441
no_proxy,0.0,0.5,0.5,training_distribution_eval,memoryless_agent,12,0.506,0.528,0.595,0.746619,0.405,0.146,0.449,0.326261,0.305936,0.310065,-0.004129,-0.020325,-0.008501,-0.090129
no_proxy,0.0,0.5,0.5,decorrelated_eval,memoryless_agent,12,0.506,0.528,0.595,0.746619,0.405,0.146,0.449,0.326261,0.305936,0.310065,-0.004129,-0.020325,-0.008501,-0.090129
no_proxy,0.0,0.5,0.5,training_distribution_eval,memoryless_agent,13,0.498,0.52,0.6968,0.747474,0.3032,0.249,0.4478,0.329065,0.324359,0.311685,0.012674,-0.004706,-0.396615,0.10519
no_proxy,0.0,0.5,0.5,decorrelated_eval,memoryless_agent,13,0.498,0.52,0.6968,0.747474,0.3032,0.249,0.4478,0.329065,0.324359,0.311685,0.012674,-0.004706,-0.396615,0.10519
no_proxy,0.0,0.5,0.5,training_distribution_eval,memoryless_agent,14,0.472,0.494,0.7442,0.752115,0.2558,0.1484,0.5958,0.318277,0.324813,0.331608,-0.006796,0.006536,0.101258,0.108627
no_proxy,0.0,0.5,0.5,decorrelated_eval,memoryless_agent,14,0.472,0.494,0.7442,0.752115,0.2558,0.1484,0.5958,0.318277,0.324813,0.331608,-0.006796,0.006536,0.101258,0.108627
no_proxy,0.0,0.5,0.5,training_distribution_eval,memoryless_agent,15,0.46,0.482,0.7,0.750767,0.3,0.3522,0.3478,0.290357,0.300808,0.290393,0.010414,0.01045,-0.202187,0.30427
no_proxy,0.0,0.5,0.5,decorrelated_eval,memoryless_agent,15,0.46,0.482,0.7,0.750767,0.3,0.3522,0.3478,0.290357,0.300808,0.290393,0.010414,0.01045,-0.202187,0.30427
no_proxy,0.0,0.5,0.5,training_distribution_eval,memoryless_agent,16,0.454,0.476,0.7438,0.749234,0.2562,0.2422,0.5016,0.291787,0.285678,0.288812,-0.003133,-0.006109,-0.10351,-0.108208
no_proxy,0.0,0.5,0.5,decorrelated_eval,memoryless_agent,16,0.454,0.476,0.7438,0.749234,0.2562,0.2422,0.5016,0.291787,0.285678,0.288812,-0.003133,-0.006109,-0.10351,-0.108208
no_proxy,0.0,0.5,0.5,training_distribution_eval,memoryless_agent,17,0.466,0.488,0.9472,0.752396,0.0528,0.4034,0.5438,0.293154,0.299599,0.30853,-0.008931,0.006445,0.103489,0.006344
no_proxy,0.0,0.5,0.5,decorrelated_eval,memoryless_agent,17,0.466,0.488,0.9472,0.752396,0.0528,0.4034,0.5438,0.293154,0.299599,0.30853,-0.008931,0.006445,0.103489,0.006344
no_proxy,0.0,0.5,0.5,training_distribution_eval,memoryless_agent,18,0.46,0.482,0.6474,0.747436,0.3526,0.051,0.5964,0.315672,0.275236,0.314697,-0.039462,-0.040436,0.092972,0.101392
no_proxy,0.0,0.5,0.5,decorrelated_eval,memoryless_agent,18,0.46,0.482,0.6474,0.747436,0.3526,0.051,0.5964,0.315672,0.275236,0.314697,-0.039462,-0.040436,0.092972,0.101392
no_proxy,0.0,0.5,0.5,training_distribution_eval,memoryless_agent,19,0.464,0.486,0.5938,0.744518,0.4062,0.1976,0.3962,0.327268,0.304484,0.296205,0.00828,-0.022783,-0.191681,0.392843
no_proxy,0.0,0.5,0.5,decorrelated_eval,memoryless_agent,19,0.464,0.486,0.5938,0.744518,0.4062,0.1976,0.3962,0.327268,0.304484,0.296205,0.00828,-0.022783,-0.191681,0.392843
no_proxy,0.0,0.5,0.5,training_distribution_eval,memoryless_agent,20,0.48,0.502,0.801,0.748818,0.199,0.3538,0.4472,0.313107,0.306406,0.307904,-0.001498,-0.006701,0.201569,-0.089598
no_proxy,0.0,0.5,0.5,decorrelated_eval,memoryless_agent,20,0.48,0.502,0.801,0.748818,0.199,0.3538,0.4472,0.313107,0.306406,0.307904,-0.001498,-0.006701,0.201569,-0.089598
no_proxy,0.0,0.5,0.5,training_distribution_eval,memoryless_agent,21,0.502,0.524,0.6984,0.749256,0.3016,0.31,0.3884,0.297488,0.307988,0.285945,0.022043,0.0105,-0.190522,-0.007629
no_proxy,0.0,0.5,0.5,decorrelated_eval,memoryless_agent,21,0.502,0.524,0.6984,0.749256,0.3016,0.31,0.3884,0.297488,0.307988,0.285945,0.022043,0.0105,-0.190522,-0.007629
no_proxy,0.0,0.5,0.5,training_distribution_eval,memoryless_agent,22,0.462,0.484,0.7006,0.749443,0.2994,0.0494,0.6512,0.318095,0.302496,0.321197,-0.018701,-0.015599,-0.00636,0.10173
no_proxy,0.0,0.5,0.5,decorrelated_eval,memoryless_agent,22,0.462,0.484,0.7006,0.749443,0.2994,0.0494,0.6512,0.318095,0.302496,0.321197,-0.018701,-0.015599,-0.00636,0.10173
no_proxy,0.0,0.5,0.5,training_distribution_eval,memoryless_agent,23,0.488,0.51,0.853,0.750405,0.147,0.2606,0.5924,0.310478,0.313889,0.311432,0.002457,0.003411,0.102321,-0.304498
no_proxy,0.0,0.5,0.5,decorrelated_eval,memoryless_agent,23,0.488,0.51,0.853,0.750405,0.147,0.2606,0.5924,0.310478,0.313889,0.311432,0.002457,0.003411,0.102321,-0.304498
no_proxy,0.0,0.5,0.5,training_distribution_eval,memoryless_agent,24,0.476,0.498,0.7078,0.749312,0.2922,0.1544,0.5534,0.304701,0.288976,0.307275,-0.018298,-0.015725,-0.00015,0.099885
no_proxy,0.0,0.5,0.5,decorrelated_eval,memoryless_agent,24,0.476,0.498,0.7078,0.749312,0.2922,0.1544,0.5534,0.304701,0.288976,0.307275,-0.018298,-0.015725,-0.00015,0.099885
no_proxy,0.0,0.5,0.5,training_distribution_eval,memoryless_agent,25,0.522,0.544,0.7984,0.754544,0.2016,0.2994,0.499,0.283756,0.322726,0.29925,0.023476,0.03897,0.014041,0.203969
no_proxy,0.0,0.5,0.5,decorrelated_eval,memoryless_agent,25,0.522,0.544,0.7984,0.754544,0.2016,0.2994,0.499,0.283756,0.322726,0.29925,0.023476,0.03897,0.014041,0.203969
no_proxy,0.0,0.5,0.5,training_distribution_eval,memoryless_agent,26,0.474,0.496,0.8008,0.75297,0.1992,0.3618,0.439,0.289238,0.319979,0.296532,0.023447,0.030741,-0.191141,0.295854
no_proxy,0.0,0.5,0.5,decorrelated_eval,memoryless_agent,26,0.474,0.496,0.8008,0.75297,0.1992,0.3618,0.439,0.289238,0.319979,0.296532,0.023447,0.030741,-0.191141,0.295854
no_proxy,0.0,0.5,0.5,training_distribution_eval,memoryless_agent,27,0.456,0.478,0.7028,0.747489,0.2972,0.197,0.5058,0.323023,0.303668,0.312847,-0.009179,-0.019355,-0.008433,-0.004101
no_proxy,0.0,0.5,0.5,decorrelated_eval,memoryless_agent,27,0.456,0.478,0.7028,0.747489,0.2972,0.197,0.5058,0.323023,0.303668,0.312847,-0.009179,-0.019355,-0.008433,-0.004101
no_proxy,0.0,0.5,0.5,training_distribution_eval,memoryless_agent,28,0.496,0.518,0.795,0.749663,0.205,0.1542,0.6408,0.314049,0.306658,0.315035,-0.008377,-0.007391,-0.004162,-0.10746
no_proxy,0.0,0.5,0.5,decorrelated_eval,memoryless_agent,28,0.496,0.518,0.795,0.749663,0.205,0.1542,0.6408,0.314049,0.306658,0.315035,-0.008377,-0.007391,-0.004162,-0.10746
no_proxy,0.0,0.5,0.5,training_distribution_eval,memoryless_agent,29,0.494,0.516,0.6982,0.750788,0.3018,0.2066,0.4916,0.2873,0.28554,0.294121,-0.008581,-0.00176,0.007089,0.002364
no_proxy,0.0,0.5,0.5,decorrelated_eval,memoryless_agent,29,0.494,0.516,0.6982,0.750788,0.3018,0.2066,0.4916,0.2873,0.28554,0.294121,-0.008581,-0.00176,0.007089,0.002364
no_proxy,0.0,0.5,0.5,training_distribution_eval,memory_agent,0,0.492,0.514,0.7442,0.750344,0.2558,0.2478,0.4964,0.286734,0.288242,0.288576,-0.000334,0.001508,-0.198471,0.004025
no_proxy,0.0,0.5,0.5,decorrelated_eval,memory_agent,0,0.492,0.514,0.7442,0.750344,0.2558,0.2478,0.4964,0.286734,0.288242,0.288576,-0.000334,0.001508,-0.198471,0.004025
no_proxy,0.0,0.5,0.5,training_distribution_eval,memory_agent,1,0.498,0.52,0.6726,0.74799,0.3274,0.1584,0.5142,0.287965,0.275692,0.278719,-0.003027,-0.012273,0.047352,-0.103707
no_proxy,0.0,0.5,0.5,decorrelated_eval,memory_agent,1,0.498,0.52,0.6726,0.74799,0.3274,0.1584,0.5142,0.287965,0.275692,0.278719,-0.003027,-0.012273,0.047352,-0.103707
no_proxy,0.0,0.5,0.5,training_distribution_eval,memory_agent,2,0.516,0.538,0.8724,0.751068,0.1276,0.1966,0.6758,0.299927,0.297226,0.309416,-0.01219,-0.0027,0.049034,-0.083838
no_proxy,0.0,0.5,0.5,decorrelated_eval,memory_agent,2,0.516,0.538,0.8724,0.751068,0.1276,0.1966,0.6758,0.299927,0.297226,0.309416,-0.01219,-0.0027,0.049034,-0.083838
no_proxy,0.0,0.5,0.5,training_distribution_eval,memory_agent,3,0.47,0.492,0.8016,0.751457,0.1984,0.3,0.5016,0.300509,0.316227,0.303658,0.012569,0.015718,0.308976,-0.217363
no_proxy,0.0,0.5,0.5,decorrelated_eval,memory_agent,3,0.47,0.492,0.8016,0.751457,0.1984,0.3,0.5016,0.300509,0.316227,0.303658,0.012569,0.015718,0.308976,-0.217363
no_proxy,0.0,0.5,0.5,training_distribution_eval,memory_agent,4,0.48,0.502,0.6654,0.747165,0.3346,0.2322,0.4332,0.314832,0.300998,0.299798,0.0012,-0.013834,-0.193568,0.139654
no_proxy,0.0,0.5,0.5,decorrelated_eval,memory_agent,4,0.48,0.502,0.6654,0.747165,0.3346,0.2322,0.4332,0.314832,0.300998,0.299798,0.0012,-0.013834,-0.193568,0.139654
no_proxy,0.0,0.5,0.5,training_distribution_eval,memory_agent,5,0.476,0.498,0.7284,0.748983,0.2716,0.3708,0.3576,0.310956,0.320998,0.297596,0.023402,0.010042,0.249741,-0.050427
no_proxy,0.0,0.5,0.5,decorrelated_eval,memory_agent,5,0.476,0.498,0.7284,0.748983,0.2716,0.3708,0.3576,0.310956,0.320998,0.297596,0.023402,0.010042,0.249741,-0.050427
no_proxy,0.0,0.5,0.5,training_distribution_eval,memory_agent,6,0.468,0.49,0.8766,0.75345,0.1234,0.2938,0.5828,0.29239,0.305489,0.312334,-0.006846,0.013098,0.0475,0.098821
no_proxy,0.0,0.5,0.5,decorrelated_eval,memory_agent,6,0.468,0.49,0.8766,0.75345,0.1234,0.2938,0.5828,0.29239,0.305489,0.312334,-0.006846,0.013098,0.0475,0.098821
no_proxy,0.0,0.5,0.5,training_distribution_eval,memory_agent,7,0.484,0.506,0.7424,0.749171,0.2576,0.296,0.4464,0.29142,0.298606,0.281916,0.01669,0.007185,0.106037,-0.302581
no_proxy,0.0,0.5,0.5,decorrelated_eval,memory_agent,7,0.484,0.506,0.7424,0.749171,0.2576,0.296,0.4464,0.29142,0.298606,0.281916,0.01669,0.007185,0.106037,-0.302581
no_proxy,0.0,0.5,0.5,training_distribution_eval,memory_agent,8,0.468,0.49,0.802,0.751777,0.198,0.2324,0.5696,0.297316,0.300225,0.309536,-0.009311,0.002909,0.119544,0.054385
no_proxy,0.0,0.5,0.5,decorrelated_eval,memory_agent,8,0.468,0.49,0.802,0.751777,0.198,0.2324,0.5696,0.297316,0.300225,0.309536,-0.009311,0.002909,0.119544,0.054385
no_proxy,0.0,0.5,0.5,training_distribution_eval,memory_agent,9,0.444,0.466,0.7502,0.747626,0.2498,0.3048,0.4454,0.303318,0.293277,0.290019,0.003258,-0.010041,0.104601,-0.091932
no_proxy,0.0,0.5,0.5,decorrelated_eval,memory_agent,9,0.444,0.466,0.7502,0.747626,0.2498,0.3048,0.4454,0.303318,0.293277,0.290019,0.003258,-0.010041,0.104601,-0.091932
no_proxy,0.0,0.5,0.5,training_distribution_eval,memory_agent,10,0.488,0.51,0.7484,0.748466,0.2516,0.4344,0.314,0.294866,0.30221,0.279203,0.023007,0.007343,0.202803,-0.162505
no_proxy,0.0,0.5,0.5,decorrelated_eval,memory_agent,10,0.488,0.51,0.7484,0.748466,0.2516,0.4344,0.314,0.294866,0.30221,0.279203,0.023007,0.007343,0.202803,-0.162505
no_proxy,0.0,0.5,0.5,training_distribution_eval,memory_agent,11,0.484,0.506,0.6986,0.74797,0.3014,0.1994,0.4992,0.305212,0.294727,0.294914,-0.000186,-0.010485,-0.128159,0.20456
no_proxy,0.0,0.5,0.5,decorrelated_eval,memory_agent,11,0.484,0.506,0.6986,0.74797,0.3014,0.1994,0.4992,0.305212,0.294727,0.294914,-0.000186,-0.010485,-0.128159,0.20456
no_proxy,0.0,0.5,0.5,training_distribution_eval,memory_agent,12,0.506,0.528,0.6276,0.749325,0.3724,0.1664,0.4612,0.306708,0.303415,0.303117,0.000298,-0.003293,-0.145863,0.039876
no_proxy,0.0,0.5,0.5,decorrelated_eval,memory_agent,12,0.506,0.528,0.6276,0.749325,0.3724,0.1664,0.4612,0.306708,0.303415,0.303117,0.000298,-0.003293,-0.145863,0.039876
no_proxy,0.0,0.5,0.5,training_distribution_eval,memory_agent,13,0.498,0.52,0.7488,0.749126,0.2512,0.3138,0.435,0.312485,0.31439,0.304283,0.010107,0.001905,-0.003177,0.024827
no_proxy,0.0,0.5,0.5,decorrelated_eval,memory_agent,13,0.498,0.52,0.7488,0.749126,0.2512,0.3138,0.435,0.312485,0.31439,0.304283,0.010107,0.001905,-0.003177,0.024827
no_proxy,0.0,0.5,0.5,training_distribution_eval,memory_agent,14,0.472,0.494,0.756,0.75205,0.244,0.2954,0.4606,0.308893,0.313913,0.322556,-0.008642,0.00502,0.015943,-0.119167
no_proxy,0.0,0.5,0.5,decorrelated_eval,memory_agent,14,0.472,0.494,0.756,0.75205,0.244,0.2954,0.4606,0.308893,0.313913,0.322556,-0.008642,0.00502,0.015943,-0.119167
no_proxy,0.0,0.5,0.5,training_distribution_eval,memory_agent,15,0.46,0.482,0.7228,0.750793,0.2772,0.1518,0.571,0.285012,0.279831,0.293368,-0.013536,-0.00518,0.055176,0.000878
no_proxy,0.0,0.5,0.5,decorrelated_eval,memory_agent,15,0.46,0.482,0.7228,0.750793,0.2772,0.1518,0.571,0.285012,0.279831,0.293368,-0.013536,-0.00518,0.055176,0.000878
no_proxy,0.0,0.5,0.5,training_distribution_eval,memory_agent,16,0.454,0.476,0.7522,0.749774,0.2478,0.1488,0.6034,0.290468,0.286188,0.290524,-0.004336,-0.004281,0.098045,-0.095342
no_proxy,0.0,0.5,0.5,decorrelated_eval,memory_agent,16,0.454,0.476,0.7522,0.749774,0.2478,0.1488,0.6034,0.290468,0.286188,0.290524,-0.004336,-0.004281,0.098045,-0.095342
no_proxy,0.0,0.5,0.5,training_distribution_eval,memory_agent,17,0.466,0.488,0.7782,0.750253,0.2218,0.1966,0.5816,0.299027,0.295414,0.303256,-0.007842,-0.003613,-0.059874,-0.104465
no_proxy,0.0,0.5,0.5,decorrelated_eval,memory_agent,17,0.466,0.488,0.7782,0.750253,0.2218,0.1966,0.5816,0.299027,0.295414,0.303256,-0.007842,-0.003613,-0.059874,-0.104465
no_proxy,0.0,0.5,0.5,training_distribution_eval,memory_agent,18,0.46,0.482,0.8068,0.751391,0.1932,0.3,0.5068,0.291174,0.29403,0.300136,-0.006106,0.002856,0.097685,-0.220408
no_proxy,0.0,0.5,0.5,decorrelated_eval,memory_agent,18,0.46,0.482,0.8068,0.751391,0.1932,0.3,0.5068,0.291174,0.29403,0.300136,-0.006106,0.002856,0.097685,-0.220408
no_proxy,0.0,0.5,0.5,training_distribution_eval,memory_agent,19,0.464,0.486,0.746,0.747576,0.254,0.2502,0.4958,0.306604,0.296281,0.292778,0.003502,-0.010323,0.001752,0.006198
no_proxy,0.0,0.5,0.5,decorrelated_eval,memory_agent,19,0.464,0.486,0.746,0.747576,0.254,0.2502,0.4958,0.306604,0.296281,0.292778,0.003502,-0.010323,0.001752,0.006198
no_proxy,0.0,0.5,0.5,training_distribution_eval,memory_agent,20,0.48,0.502,0.7762,0.750575,0.2238,0.2626,0.5136,0.300038,0.302438,0.303319,-0.000882,0.0024,0.150561,0.088372
no_proxy,0.0,0.5,0.5,decorrelated_eval,memory_agent,20,0.48,0.502,0.7762,0.750575,0.2238,0.2626,0.5136,0.300038,0.302438,0.303319,-0.000882,0.0024,0.150561,0.088372
no_proxy,0.0,0.5,0.5,training_distribution_eval,memory_agent,21,0.502,0.524,0.729,0.749332,0.271,0.2498,0.4792,0.295495,0.297643,0.288555,0.009087,0.002148,-0.148553,0.084664
no_proxy,0.0,0.5,0.5,decorrelated_eval,memory_agent,21,0.502,0.524,0.729,0.749332,0.271,0.2498,0.4792,0.295495,0.297643,0.288555,0.009087,0.002148,-0.148553,0.084664
no_proxy,0.0,0.5,0.5,training_distribution_eval,memory_agent,22,0.462,0.484,0.6882,0.748883,0.3118,0.321,0.3672,0.31367,0.306055,0.308594,-0.002539,-0.007615,-0.097721,0.039723
no_proxy,0.0,0.5,0.5,decorrelated_eval,memory_agent,22,0.462,0.484,0.6882,0.748883,0.3118,0.321,0.3672,0.31367,0.306055,0.308594,-0.002539,-0.007615,-0.097721,0.039723
no_proxy,0.0,0.5,0.5,training_distribution_eval,memory_agent,23,0.488,0.51,0.6594,0.747656,0.3406,0.2512,0.4082,0.313543,0.303235,0.30053,0.002705,-0.010307,-0.067603,0.207731
no_proxy,0.0,0.5,0.5,decorrelated_eval,memory_agent,23,0.488,0.51,0.6594,0.747656,0.3406,0.2512,0.4082,0.313543,0.303235,0.30053,0.002705,-0.010307,-0.067603,0.207731
no_proxy,0.0,0.5,0.5,training_distribution_eval,memory_agent,24,0.476,0.498,0.8756,0.751586,0.1244,0.2856,0.59,0.293865,0.299297,0.30331,-0.004013,0.005433,0.142456,-0.263607
no_proxy,0.0,0.5,0.5,decorrelated_eval,memory_agent,24,0.476,0.498,0.8756,0.751586,0.1244,0.2856,0.59,0.293865,0.299297,0.30331,-0.004013,0.005433,0.142456,-0.263607
no_proxy,0.0,0.5,0.5,training_distribution_eval,memory_agent,25,0.522,0.544,0.6782,0.748154,0.3218,0.2274,0.4508,0.301615,0.302942,0.28672,0.016222,0.001327,-0.055047,0.166606
no_proxy,0.0,0.5,0.5,decorrelated_eval,memory_agent,25,0.522,0.544,0.6782,0.748154,0.3218,0.2274,0.4508,0.301615,0.302942,0.28672,0.016222,0.001327,-0.055047,0.166606
no_proxy,0.0,0.5,0.5,training_distribution_eval,memory_agent,26,0.474,0.496,0.8952,0.751387,0.1048,0.2294,0.6658,0.288432,0.291536,0.297482,-0.005945,0.003104,0.095087,0.343999
no_proxy,0.0,0.5,0.5,decorrelated_eval,memory_agent,26,0.474,0.496,0.8952,0.751387,0.1048,0.2294,0.6658,0.288432,0.291536,0.297482,-0.005945,0.003104,0.095087,0.343999
no_proxy,0.0,0.5,0.5,training_distribution_eval,memory_agent,27,0.456,0.478,0.7648,0.749475,0.2352,0.25,0.5148,0.306068,0.301506,0.304555,-0.003049,-0.004562,0.089749,-0.082246
no_proxy,0.0,0.5,0.5,decorrelated_eval,memory_agent,27,0.456,0.478,0.7648,0.749475,0.2352,0.25,0.5148,0.306068,0.301506,0.304555,-0.003049,-0.004562,0.089749,-0.082246
no_proxy,0.0,0.5,0.5,training_distribution_eval,memory_agent,28,0.496,0.518,0.684,0.748249,0.316,0.2176,0.4664,0.310516,0.299174,0.302561,-0.003387,-0.011342,-0.094486,0.050474
no_proxy,0.0,0.5,0.5,decorrelated_eval,memory_agent,28,0.496,0.518,0.684,0.748249,0.316,0.2176,0.4664,0.310516,0.299174,0.302561,-0.003387,-0.011342,-0.094486,0.050474
no_proxy,0.0,0.5,0.5,training_distribution_eval,memory_agent,29,0.494,0.516,0.6944,0.74944,0.3056,0.246,0.4484,0.293626,0.296284,0.287829,0.008455,0.002658,0.305845,-0.182744
no_proxy,0.0,0.5,0.5,decorrelated_eval,memory_agent,29,0.494,0.516,0.6944,0.74944,0.3056,0.246,0.4484,0.293626,0.296284,0.287829,0.008455,0.002658,0.305845,-0.182744
weak_proxy,0.3,0.65,0.35,training_distribution_eval,memoryless_agent,0,0.492,0.514,0.8544,0.749652,0.1456,0.3526,0.5018,0.293574,0.297173,0.289105,0.008067,0.003599,-0.296055,0.096061
weak_proxy,0.3,0.65,0.35,decorrelated_eval,memoryless_agent,0,0.492,0.514,0.8514,0.749613,0.1486,0.3534,0.498,0.293336,0.296804,0.288629,0.008175,0.003468,-0.298874,0.098845
weak_proxy,0.3,0.65,0.35,training_distribution_eval,memoryless_agent,1,0.498,0.52,0.6178,0.748294,0.3822,0.096,0.5218,0.293446,0.276873,0.288536,-0.011664,-0.016573,0.009837,0.191159
weak_proxy,0.3,0.65,0.35,decorrelated_eval,memoryless_agent,1,0.498,0.52,0.613,0.7482,0.387,0.0958,0.5172,0.293494,0.276689,0.287956,-0.011267,-0.016805,0.020762,0.191294
weak_proxy,0.3,0.65,0.35,training_distribution_eval,memoryless_agent,2,0.516,0.538,0.6078,0.747718,0.3922,0.0958,0.512,0.317233,0.290145,0.312883,-0.022738,-0.027088,-0.379773,-0.196795
weak_proxy,0.3,0.65,0.35,decorrelated_eval,memoryless_agent,2,0.516,0.538,0.6064,0.747666,0.3936,0.099,0.5074,0.317115,0.29002,0.312353,-0.022333,-0.027096,-0.390136,-0.200974
weak_proxy,0.3,0.65,0.35,training_distribution_eval,memoryless_agent,3,0.47,0.492,0.6992,0.750485,0.3008,0.3468,0.3524,0.314048,0.329976,0.309413,0.020563,0.015928,0.196404,-0.291414
weak_proxy,0.3,0.65,0.35,decorrelated_eval,memoryless_agent,3,0.47,0.492,0.7008,0.750544,0.2992,0.3488,0.352,0.313853,0.330339,0.30938,0.020959,0.016487,0.205848,-0.296115
weak_proxy,0.3,0.65,0.35,training_distribution_eval,memoryless_agent,4,0.48,0.502,0.552,0.745853,0.448,0.1028,0.4492,0.323167,0.2977,0.303121,-0.005421,-0.025467,0.098476,-0.006432
weak_proxy,0.3,0.65,0.35,decorrelated_eval,memoryless_agent,4,0.48,0.502,0.555,0.745884,0.445,0.1066,0.4484,0.322904,0.297818,0.302915,-0.005096,-0.025086,0.09472,-0.012071
weak_proxy,0.3,0.65,0.35,training_distribution_eval,memoryless_agent,5,0.476,0.498,0.7954,0.751344,0.2046,0.2458,0.5496,0.302211,0.300113,0.313406,-0.013293,-0.002098,-0.002727,-0.097273
weak_proxy,0.3,0.65,0.35,decorrelated_eval,memoryless_agent,5,0.476,0.498,0.8002,0.75131,0.1998,0.258,0.5422,0.302311,0.30038,0.313158,-0.012777,-0.001931,0.004079,-0.10555
weak_proxy,0.3,0.65,0.35,training_distribution_eval,memoryless_agent,6,0.468,0.49,0.5992,0.748652,0.4008,0.0996,0.4996,0.31742,0.303311,0.314163,-0.010852,-0.014109,-0.196646,-0.002158
weak_proxy,0.3,0.65,0.35,decorrelated_eval,memoryless_agent,6,0.468,0.49,0.6038,0.748692,0.3962,0.0998,0.504,0.318445,0.304553,0.315399,-0.010846,-0.013892,-0.191687,-0.009836
weak_proxy,0.3,0.65,0.35,training_distribution_eval,memoryless_agent,7,0.484,0.506,0.5966,0.749606,0.4034,0.2476,0.349,0.287025,0.293243,0.280835,0.012408,0.006218,0.010055,0.080767
weak_proxy,0.3,0.65,0.35,decorrelated_eval,memoryless_agent,7,0.484,0.506,0.5962,0.74962,0.4038,0.2464,0.3498,0.287425,0.293643,0.28135,0.012293,0.006218,-0.006462,0.088383
weak_proxy,0.3,0.65,0.35,training_distribution_eval,memoryless_agent,8,0.468,0.49,0.5582,0.745509,0.4418,0.1994,0.3588,0.323576,0.307914,0.296117,0.011796,-0.015662,0.285712,0.011593
weak_proxy,0.3,0.65,0.35,decorrelated_eval,memoryless_agent,8,0.468,0.49,0.559,0.745591,0.441,0.2,0.359,0.323764,0.308729,0.296576,0.012153,-0.015035,0.291821,0.01232
weak_proxy,0.3,0.65,0.35,training_distribution_eval,memoryless_agent,9,0.444,0.466,0.75,0.749653,0.25,0.303,0.447,0.293652,0.289064,0.293154,-0.00409,-0.004588,0.114678,-0.203181
weak_proxy,0.3,0.65,0.35,decorrelated_eval,memoryless_agent,9,0.444,0.466,0.7518,0.749653,0.2482,0.2992,0.4526,0.294832,0.290051,0.294419,-0.004368,-0.004781,0.096604,-0.192718
weak_proxy,0.3,0.65,0.35,training_distribution_eval,memoryless_agent,10,0.488,0.51,0.751,0.749422,0.249,0.2,0.551,0.294603,0.296309,0.288822,0.007487,0.001706,-0.500603,-0.01408
weak_proxy,0.3,0.65,0.35,decorrelated_eval,memoryless_agent,10,0.488,0.51,0.7488,0.749406,0.2512,0.2032,0.5456,0.294639,0.296575,0.28862,0.007955,0.001935,-0.501998,-0.014075
weak_proxy,0.3,0.65,0.35,training_distribution_eval,memoryless_agent,11,0.484,0.506,0.9512,0.751632,0.0488,0.3506,0.6006,0.286563,0.294819,0.295036,-0.000218,0.008256,0.097172,0.101317
weak_proxy,0.3,0.65,0.35,decorrelated_eval,memoryless_agent,11,0.484,0.506,0.95,0.751595,0.05,0.3524,0.5976,0.28624,0.294491,0.29443,6.1e-05,0.008251,0.10004,0.097882
weak_proxy,0.3,0.65,0.35,training_distribution_eval,memoryless_agent,12,0.506,0.528,0.7966,0.750452,0.2034,0.3968,0.3998,0.310914,0.337604,0.30057,0.037033,0.02669,0.196582,-0.197318
weak_proxy,0.3,0.65,0.35,decorrelated_eval,memoryless_agent,12,0.506,0.528,0.7946,0.750453,0.2054,0.3908,0.4038,0.309872,0.336208,0.299743,0.036465,0.026337,0.210713,-0.200636
weak_proxy,0.3,0.65,0.35,training_distribution_eval,memoryless_agent,13,0.498,0.52,0.603,0.746649,0.397,0.2464,0.3566,0.333173,0.310411,0.318434,-0.008023,-0.022763,-0.386835,0.096583
weak_proxy,0.3,0.65,0.35,decorrelated_eval,memoryless_agent,13,0.498,0.52,0.5974,0.74643,0.4026,0.2414,0.356,0.332487,0.308439,0.316646,-0.008207,-0.024048,-0.380705,0.093043
weak_proxy,0.3,0.65,0.35,training_distribution_eval,memoryless_agent,14,0.472,0.494,0.7,0.746786,0.3,0.1494,0.5506,0.335687,0.313949,0.322176,-0.008227,-0.021738,0.009765,0.102102
weak_proxy,0.3,0.65,0.35,decorrelated_eval,memoryless_agent,14,0.472,0.494,0.6942,0.746762,0.3058,0.15,0.5442,0.336449,0.314701,0.322741,-0.00804,-0.021749,-0.002264,0.091842
weak_proxy,0.3,0.65,0.35,training_distribution_eval,memoryless_agent,15,0.46,0.482,0.652,0.747091,0.348,0.255,0.397,0.302716,0.29308,0.285375,0.007705,-0.009636,0.108665,-0.306162
weak_proxy,0.3,0.65,0.35,decorrelated_eval,memoryless_agent,15,0.46,0.482,0.6508,0.74717,0.3492,0.2498,0.401,0.302975,0.293343,0.286207,0.007136,-0.009632,0.105513,-0.295035
weak_proxy,0.3,0.65,0.35,training_distribution_eval,memoryless_agent,16,0.454,0.476,0.8502,0.752937,0.1498,0.2466,0.6036,0.276797,0.282905,0.296631,-0.013726,0.006107,0.300803,-0.288832
weak_proxy,0.3,0.65,0.35,decorrelated_eval,memoryless_agent,16,0.454,0.476,0.8456,0.752931,0.1544,0.2386,0.607,0.278757,0.284217,0.298847,-0.01463,0.00546,0.299109,-0.296172
weak_proxy,0.3,0.65,0.35,training_distribution_eval,memoryless_agent,17,0.466,0.488,0.5494,0.747094,0.4506,0.3016,0.2478,0.316661,0.305647,0.299499,0.006147,-0.011014,-0.097798,0.205207
weak_proxy,0.3,0.65,0.35,decorrelated_eval,memoryless_agent,17,0.466,0.488,0.5468,0.746983,0.4532,0.302,0.2448,0.318218,0.306813,0.300391,0.006423,-0.011405,-0.091329,0.198161
weak_proxy,0.3,0.65,0.35,training_distribution_eval,memoryless_agent,18,0.46,0.482,0.801,0.751392,0.199,0.1524,0.6486,0.298316,0.284256,0.315353,-0.031098,-0.01406,0.009985,-0.090367
weak_proxy,0.3,0.65,0.35,decorrelated_eval,memoryless_agent,18,0.46,0.482,0.8012,0.751376,0.1988,0.1506,0.6506,0.29894,0.284532,0.31604,-0.031508,-0.014408,0.015215,-0.091811
weak_proxy,0.3,0.65,0.35,training_distribution_eval,memoryless_agent,19,0.464,0.486,0.6984,0.746805,0.3016,0.1422,0.5562,0.316295,0.294492,0.302512,-0.00802,-0.021803,-0.205856,-0.099664
weak_proxy,0.3,0.65,0.35,decorrelated_eval,memoryless_agent,19,0.464,0.486,0.7014,0.746795,0.2986,0.1418,0.5596,0.317641,0.295706,0.303844,-0.008138,-0.021935,-0.19919,-0.101305
weak_proxy,0.3,0.65,0.35,training_distribution_eval,memoryless_agent,20,0.48,0.502,0.7058,0.749249,0.2942,0.3528,0.353,0.31098,0.315174,0.302603,0.012572,0.004194,-0.192614,-0.306341
weak_proxy,0.3,0.65,0.35,decorrelated_eval,memoryless_agent,20,0.48,0.502,0.708,0.749304,0.292,0.348,0.36,0.311925,0.315751,0.304141,0.01161,0.003826,-0.194667,-0.306643
weak_proxy,0.3,0.65,0.35,training_distribution_eval,memoryless_agent,21,0.502,0.524,0.7542,0.749773,0.2458,0.1034,0.6508,0.294852,0.281438,0.299593,-0.018155,-0.013414,-0.291542,-0.004041
weak_proxy,0.3,0.65,0.35,decorrelated_eval,memoryless_agent,21,0.502,0.524,0.7564,0.749865,0.2436,0.104,0.6524,0.294786,0.281726,0.300028,-0.018302,-0.01306,-0.30367,0.003561
weak_proxy,0.3,0.65,0.35,training_distribution_eval,memoryless_agent,22,0.462,0.484,0.855,0.752638,0.145,0.1998,0.6552,0.304467,0.309682,0.322471,-0.012789,0.005215,0.097279,-0.191643
weak_proxy,0.3,0.65,0.35,decorrelated_eval,memoryless_agent,22,0.462,0.484,0.853,0.752618,0.147,0.2054,0.6476,0.303654,0.309217,0.321339,-0.012122,0.005563,0.102552,-0.201536
weak_proxy,0.3,0.65,0.35,training_distribution_eval,memoryless_agent,23,0.488,0.51,0.7522,0.74899,0.2478,0.3524,0.3998,0.312043,0.323679,0.29918,0.024499,0.011636,-0.097459,0.100424
weak_proxy,0.3,0.65,0.35,decorrelated_eval,memoryless_agent,23,0.488,0.51,0.7532,0.749032,0.2468,0.3548,0.3984,0.31118,0.323496,0.29831,0.025186,0.012316,-0.10377,0.099032
weak_proxy,0.3,0.65,0.35,training_distribution_eval,memoryless_agent,24,0.476,0.498,0.6022,0.746195,0.3978,0.0492,0.553,0.315729,0.270393,0.308281,-0.037888,-0.045336,0.201538,0.098047
weak_proxy,0.3,0.65,0.35,decorrelated_eval,memoryless_agent,24,0.476,0.498,0.5936,0.745882,0.4064,0.0484,0.5452,0.317911,0.271119,0.308762,-0.037643,-0.046792,0.205448,0.095276
weak_proxy,0.3,0.65,0.35,training_distribution_eval,memoryless_agent,25,0.522,0.544,0.7992,0.751836,0.2008,0.3588,0.4404,0.293969,0.317489,0.296321,0.021168,0.02352,0.212728,-0.106373
weak_proxy,0.3,0.65,0.35,decorrelated_eval,memoryless_agent,25,0.522,0.544,0.798,0.751761,0.202,0.3558,0.4422,0.294146,0.317064,0.296224,0.020841,0.022918,0.209263,-0.111127
weak_proxy,0.3,0.65,0.35,training_distribution_eval,memoryless_agent,26,0.474,0.496,0.8538,0.750842,0.1462,0.0994,0.7544,0.297121,0.29199,0.306332,-0.014342,-0.005131,0.108996,-0.014782
weak_proxy,0.3,0.65,0.35,decorrelated_eval,memoryless_agent,26,0.474,0.496,0.8526,0.750837,0.1474,0.1008,0.7518,0.297413,0.292443,0.306487,-0.014044,-0.00497,0.109147,-0.009571
weak_proxy,0.3,0.65,0.35,training_distribution_eval,memoryless_agent,27,0.456,0.478,0.6004,0.746541,0.3996,0.2032,0.3972,0.325942,0.307935,0.306941,0.000994,-0.018007,-0.215231,-0.00089
weak_proxy,0.3,0.65,0.35,decorrelated_eval,memoryless_agent,27,0.456,0.478,0.5974,0.746513,0.4026,0.202,0.3954,0.326359,0.308326,0.307148,0.001178,-0.018033,-0.215523,0.001667
weak_proxy,0.3,0.65,0.35,training_distribution_eval,memoryless_agent,28,0.496,0.518,0.6022,0.750405,0.3978,0.1008,0.5014,0.308588,0.308782,0.311767,-0.002984,0.000194,-0.209829,-0.010165
weak_proxy,0.3,0.65,0.35,decorrelated_eval,memoryless_agent,28,0.496,0.518,0.5994,0.750376,0.4006,0.0994,0.5,0.308091,0.308056,0.311152,-0.003095,-3.4e-05,-0.201287,-0.010035
weak_proxy,0.3,0.65,0.35,training_distribution_eval,memoryless_agent,29,0.494,0.516,0.8988,0.751325,0.1012,0.493,0.4058,0.288184,0.311623,0.286802,0.02482,0.023439,0.198743,-0.20101
weak_proxy,0.3,0.65,0.35,decorrelated_eval,memoryless_agent,29,0.494,0.516,0.8978,0.751312,0.1022,0.4956,0.4022,0.287982,0.311543,0.286426,0.025118,0.023561,0.202617,-0.195938
weak_proxy,0.3,0.65,0.35,training_distribution_eval,memory_agent,0,0.492,0.514,0.743,0.749928,0.257,0.17,0.573,0.290149,0.289379,0.2901,-0.000721,-0.00077,-0.083252,0.047237
weak_proxy,0.3,0.65,0.35,decorrelated_eval,memory_agent,0,0.492,0.514,0.7448,0.750011,0.2552,0.1704,0.5744,0.288837,0.288507,0.289182,-0.000675,-0.000331,-0.115662,0.044493
weak_proxy,0.3,0.65,0.35,training_distribution_eval,memory_agent,1,0.498,0.52,0.8716,0.751978,0.1284,0.2556,0.616,0.276823,0.280612,0.290701,-0.010089,0.003789,-0.061931,0.020951
weak_proxy,0.3,0.65,0.35,decorrelated_eval,memory_agent,1,0.498,0.52,0.876,0.75209,0.124,0.2514,0.6246,0.275476,0.279175,0.290244,-0.011068,0.0037,-0.053997,-0.008405
weak_proxy,0.3,0.65,0.35,training_distribution_eval,memory_agent,2,0.516,0.538,0.6234,0.747786,0.3766,0.1244,0.499,0.313685,0.291282,0.307909,-0.016627,-0.022403,0.161428,0.043862
weak_proxy,0.3,0.65,0.35,decorrelated_eval,memory_agent,2,0.516,0.538,0.6166,0.747308,0.3834,0.1216,0.495,0.314141,0.289489,0.305792,-0.016302,-0.024652,0.169889,0.039609
weak_proxy,0.3,0.65,0.35,training_distribution_eval,memory_agent,3,0.47,0.492,0.8224,0.752698,0.1776,0.227,0.5954,0.294413,0.305116,0.309528,-0.004412,0.010703,-0.00089,0.063708
weak_proxy,0.3,0.65,0.35,decorrelated_eval,memory_agent,3,0.47,0.492,0.8218,0.752807,0.1782,0.2188,0.603,0.293826,0.30465,0.309828,-0.005178,0.010823,0.035117,0.052025
weak_proxy,0.3,0.65,0.35,training_distribution_eval,memory_agent,4,0.48,0.502,0.73,0.747218,0.27,0.212,0.518,0.315971,0.302677,0.300756,0.001921,-0.013293,0.045433,0.014895
weak_proxy,0.3,0.65,0.35,decorrelated_eval,memory_agent,4,0.48,0.502,0.728,0.747149,0.272,0.1974,0.5306,0.315606,0.300833,0.300566,0.000267,-0.014773,0.054659,-0.003992
weak_proxy,0.3,0.65,0.35,training_distribution_eval,memory_agent,5,0.476,0.498,0.7828,0.749272,0.2172,0.2384,0.5444,0.296409,0.299002,0.28921,0.009792,0.002593,-0.124533,-0.058589
weak_proxy,0.3,0.65,0.35,decorrelated_eval,memory_agent,5,0.476,0.498,0.777,0.749188,0.223,0.2212,0.5558,0.296734,0.298151,0.289481,0.00867,0.001418,-0.153374,-0.048185
weak_proxy,0.3,0.65,0.35,training_distribution_eval,memory_agent,6,0.468,0.49,0.7154,0.751969,0.2846,0.2266,0.4888,0.297288,0.306877,0.307515,-0.000637,0.009589,0.039607,-0.019269
weak_proxy,0.3,0.65,0.35,decorrelated_eval,memory_agent,6,0.468,0.49,0.7214,0.752059,0.2786,0.2228,0.4986,0.298957,0.308726,0.309758,-0.001032,0.009768,0.061906,-0.034356
weak_proxy,0.3,0.65,0.35,training_distribution_eval,memory_agent,7,0.484,0.506,0.7066,0.749336,0.2934,0.1934,0.5132,0.288035,0.285544,0.284341,0.001203,-0.002492,0.105901,-0.209319
weak_proxy,0.3,0.65,0.35,decorrelated_eval,memory_agent,7,0.484,0.506,0.7058,0.749274,0.2942,0.1906,0.5152,0.288714,0.285933,0.284678,0.001255,-0.00278,0.100213,-0.193886
weak_proxy,0.3,0.65,0.35,training_distribution_eval,memory_agent,8,0.468,0.49,0.709,0.749644,0.291,0.2426,0.4664,0.303138,0.300547,0.301311,-0.000763,-0.002591,0.127897,0.075314
weak_proxy,0.3,0.65,0.35,decorrelated_eval,memory_agent,8,0.468,0.49,0.6898,0.749131,0.3102,0.2354,0.4544,0.305914,0.300547,0.301519,-0.000972,-0.005367,0.112377,0.109155
weak_proxy,0.3,0.65,0.35,training_distribution_eval,memory_agent,9,0.444,0.466,0.7696,0.751083,0.2304,0.1878,0.5818,0.286701,0.285312,0.295645,-0.010334,-0.001389,-0.069666,0.032588
weak_proxy,0.3,0.65,0.35,decorrelated_eval,memory_agent,9,0.444,0.466,0.7696,0.751063,0.2304,0.1764,0.5932,0.288498,0.286017,0.297844,-0.011827,-0.002481,-0.049353,0.071577
weak_proxy,0.3,0.65,0.35,training_distribution_eval,memory_agent,10,0.488,0.51,0.7924,0.750171,0.2076,0.4182,0.3742,0.28932,0.3032,0.283178,0.020021,0.013879,0.197846,-0.03995
weak_proxy,0.3,0.65,0.35,decorrelated_eval,memory_agent,10,0.488,0.51,0.8018,0.750409,0.1982,0.4244,0.3774,0.287708,0.303194,0.282656,0.020539,0.015486,0.190317,-0.064921
weak_proxy,0.3,0.65,0.35,training_distribution_eval,memory_agent,11,0.484,0.506,0.809,0.749823,0.191,0.257,0.552,0.296417,0.295071,0.295844,-0.000773,-0.001346,-0.107683,-0.111464
weak_proxy,0.3,0.65,0.35,decorrelated_eval,memory_agent,11,0.484,0.506,0.804,0.749976,0.196,0.2534,0.5506,0.294954,0.294654,0.295065,-0.000411,-0.0003,-0.099043,-0.096197
weak_proxy,0.3,0.65,0.35,training_distribution_eval,memory_agent,12,0.506,0.528,0.7794,0.75047,0.2206,0.3112,0.4682,0.303757,0.314421,0.302288,0.012133,0.010664,-0.268569,0.014218
weak_proxy,0.3,0.65,0.35,decorrelated_eval,memory_agent,12,0.506,0.528,0.7822,0.750763,0.2178,0.3026,0.4796,0.299241,0.310142,0.299989,0.010153,0.010901,-0.247981,-0.005653
weak_proxy,0.3,0.65,0.35,training_distribution_eval,memory_agent,13,0.498,0.52,0.7314,0.747585,0.2686,0.351,0.3804,0.320869,0.313194,0.305827,0.007367,-0.007676,0.220144,-0.186515
weak_proxy,0.3,0.65,0.35,decorrelated_eval,memory_agent,13,0.498,0.52,0.729,0.747631,0.271,0.3484,0.3806,0.317655,0.310377,0.302833,0.007544,-0.007278,0.229624,-0.188528
weak_proxy,0.3,0.65,0.35,training_distribution_eval,memory_agent,14,0.472,0.494,0.8168,0.751019,0.1832,0.2634,0.5534,0.305153,0.307944,0.311485,-0.003541,0.002791,-0.082524,0.137443
weak_proxy,0.3,0.65,0.35,decorrelated_eval,memory_agent,14,0.472,0.494,0.8106,0.750837,0.1894,0.268,0.5426,0.307957,0.309574,0.31344,-0.003866,0.001616,-0.060983,0.150576
weak_proxy,0.3,0.65,0.35,training_distribution_eval,memory_agent,15,0.46,0.482,0.7462,0.748358,0.2538,0.2664,0.4798,0.295404,0.291961,0.284133,0.007828,-0.003444,0.114636,-0.023256
weak_proxy,0.3,0.65,0.35,decorrelated_eval,memory_agent,15,0.46,0.482,0.7492,0.748413,0.2508,0.2784,0.4708,0.296458,0.294712,0.284669,0.010043,-0.001746,0.093394,-0.050466
weak_proxy,0.3,0.65,0.35,training_distribution_eval,memory_agent,16,0.454,0.476,0.7464,0.750282,0.2536,0.161,0.5854,0.288779,0.284522,0.292826,-0.008303,-0.004257,0.114031,0.040889
weak_proxy,0.3,0.65,0.35,decorrelated_eval,memory_agent,16,0.454,0.476,0.7442,0.750393,0.2558,0.1774,0.5668,0.291081,0.288458,0.295171,-0.006713,-0.002623,0.10073,0.04335
weak_proxy,0.3,0.65,0.35,training_distribution_eval,memory_agent,17,0.466,0.488,0.7814,0.749741,0.2186,0.2978,0.4836,0.297731,0.295001,0.297067,-0.002067,-0.00273,0.058075,0.012791
weak_proxy,0.3,0.65,0.35,decorrelated_eval,memory_agent,17,0.466,0.488,0.774,0.749496,0.226,0.3064,0.4676,0.300279,0.297067,0.297953,-0.000886,-0.003211,0.054802,0.014705
weak_proxy,0.3,0.65,0.35,training_distribution_eval,memory_agent,18,0.46,0.482,0.8322,0.752218,0.1678,0.3402,0.492,0.287333,0.310598,0.29247,0.018128,0.023265,-0.040918,0.002643
weak_proxy,0.3,0.65,0.35,decorrelated_eval,memory_agent,18,0.46,0.482,0.8244,0.752088,0.1756,0.3444,0.48,0.288724,0.312716,0.292458,0.020258,0.023992,-0.046909,-0.004133
weak_proxy,0.3,0.65,0.35,training_distribution_eval,memory_agent,19,0.464,0.486,0.7744,0.751061,0.2256,0.3336,0.4408,0.292149,0.308358,0.291939,0.016419,0.016209,0.039259,-0.103763
weak_proxy,0.3,0.65,0.35,decorrelated_eval,memory_agent,19,0.464,0.486,0.7756,0.751142,0.2244,0.3494,0.4262,0.294121,0.312159,0.29359,0.018569,0.018039,0.041309,-0.116597
weak_proxy,0.3,0.65,0.35,training_distribution_eval,memory_agent,20,0.48,0.502,0.7104,0.749077,0.2896,0.2826,0.4278,0.304599,0.302057,0.299108,0.002949,-0.002542,-0.02089,0.156489
weak_proxy,0.3,0.65,0.35,decorrelated_eval,memory_agent,20,0.48,0.502,0.7066,0.749042,0.2934,0.2792,0.4274,0.305978,0.303581,0.300252,0.00333,-0.002396,0.010612,0.131889
weak_proxy,0.3,0.65,0.35,training_distribution_eval,memory_agent,21,0.502,0.524,0.762,0.750399,0.238,0.2274,0.5346,0.293312,0.290642,0.297318,-0.006675,-0.00267,0.050038,-0.078029
weak_proxy,0.3,0.65,0.35,decorrelated_eval,memory_agent,21,0.502,0.524,0.7686,0.750494,0.2314,0.226,0.5426,0.292819,0.289262,0.297923,-0.008661,-0.003557,0.071983,-0.066633
weak_proxy,0.3,0.65,0.35,training_distribution_eval,memory_agent,22,0.462,0.484,0.7258,0.749735,0.2742,0.1782,0.5476,0.309096,0.304611,0.309368,-0.004756,-0.004485,0.045687,0.044598
weak_proxy,0.3,0.65,0.35,decorrelated_eval,memory_agent,22,0.462,0.484,0.7218,0.749627,0.2782,0.172,0.5498,0.307506,0.301882,0.307539,-0.005656,-0.005623,0.061275,0.041141
weak_proxy,0.3,0.65,0.35,training_distribution_eval,memory_agent,23,0.488,0.51,0.7956,0.750265,0.2044,0.3194,0.4762,0.300424,0.309848,0.297951,0.011896,0.009424,0.206039,-0.071109
weak_proxy,0.3,0.65,0.35,decorrelated_eval,memory_agent,23,0.488,0.51,0.7964,0.750451,0.2036,0.322,0.4744,0.297373,0.308554,0.295494,0.01306,0.01118,0.212229,-0.067947
weak_proxy,0.3,0.65,0.35,training_distribution_eval,memory_agent,24,0.476,0.498,0.8746,0.751569,0.1254,0.3116,0.563,0.291462,0.301922,0.298363,0.003559,0.01046,0.158699,0.062557
weak_proxy,0.3,0.65,0.35,decorrelated_eval,memory_agent,24,0.476,0.498,0.8692,0.751461,0.1308,0.3194,0.5498,0.293602,0.304356,0.299543,0.004813,0.010754,0.151853,0.066196
weak_proxy,0.3,0.65,0.35,training_distribution_eval,memory_agent,25,0.522,0.544,0.7576,0.749077,0.2424,0.2282,0.5294,0.297443,0.293791,0.292221,0.001571,-0.003651,0.009777,0.055697
weak_proxy,0.3,0.65,0.35,decorrelated_eval,memory_agent,25,0.522,0.544,0.757,0.749284,0.243,0.2256,0.5314,0.295637,0.292409,0.291688,0.000721,-0.003228,0.00698,0.055834
weak_proxy,0.3,0.65,0.35,training_distribution_eval,memory_agent,26,0.474,0.496,0.8472,0.751728,0.1528,0.4304,0.4168,0.284642,0.306745,0.286676,0.02007,0.022103,-0.089348,0.259688
weak_proxy,0.3,0.65,0.35,decorrelated_eval,memory_agent,26,0.474,0.496,0.8488,0.751711,0.1512,0.436,0.4128,0.285568,0.308215,0.287194,0.021021,0.022647,-0.112432,0.256128
weak_proxy,0.3,0.65,0.35,training_distribution_eval,memory_agent,27,0.456,0.478,0.7978,0.750104,0.2022,0.267,0.5308,0.303333,0.309038,0.300707,0.008331,0.005705,-0.204502,-0.039084
weak_proxy,0.3,0.65,0.35,decorrelated_eval,memory_agent,27,0.456,0.478,0.7942,0.750129,0.2058,0.277,0.5172,0.30354,0.31043,0.300499,0.009931,0.00689,-0.215834,-0.047101
weak_proxy,0.3,0.65,0.35,training_distribution_eval,memory_agent,28,0.496,0.518,0.6012,0.747528,0.3988,0.2818,0.3194,0.309069,0.30116,0.293888,0.007272,-0.007909,-0.206235,0.164423
weak_proxy,0.3,0.65,0.35,decorrelated_eval,memory_agent,28,0.496,0.518,0.5936,0.747321,0.4064,0.269,0.3246,0.308485,0.298991,0.292496,0.006495,-0.009494,-0.209413,0.142994
weak_proxy,0.3,0.65,0.35,training_distribution_eval,memory_agent,29,0.494,0.516,0.7762,0.750318,0.2238,0.2342,0.542,0.29708,0.294129,0.301272,-0.007143,-0.002951,-0.090266,0.072606
weak_proxy,0.3,0.65,0.35,decorrelated_eval,memory_agent,29,0.494,0.516,0.7788,0.750353,0.2212,0.2296,0.5492,0.29647,0.293438,0.300952,-0.007514,-0.003031,-0.060698,0.071965
medium_proxy,0.6,0.8,0.2,training_distribution_eval,memoryless_agent,0,0.492,0.514,1.0,0.752982,0.0,0.3504,0.6496,0.283458,0.2999,0.298666,0.001234,0.016442,0.0,-0.104126
medium_proxy,0.6,0.8,0.2,decorrelated_eval,memoryless_agent,0,0.492,0.514,1.0,0.752976,0.0,0.3522,0.6478,0.28158,0.298016,0.296743,0.001272,0.016436,0.0,-0.095548
medium_proxy,0.6,0.8,0.2,training_distribution_eval,memoryless_agent,1,0.498,0.52,0.7972,0.751157,0.2028,0.2046,0.5926,0.28516,0.290199,0.291608,-0.001409,0.005039,0.203819,0.206604
medium_proxy,0.6,0.8,0.2,decorrelated_eval,memoryless_agent,1,0.498,0.52,0.799,0.751179,0.201,0.2104,0.5886,0.284385,0.289785,0.290816,-0.001031,0.0054,0.191757,0.207327
medium_proxy,0.6,0.8,0.2,training_distribution_eval,memoryless_agent,2,0.516,0.538,0.6508,0.748152,0.3492,0.2478,0.403,0.316258,0.300636,0.309485,-0.008849,-0.015622,0.298729,-0.295398
medium_proxy,0.6,0.8,0.2,decorrelated_eval,memoryless_agent,2,0.516,0.538,0.6462,0.748029,0.3538,0.2516,0.3946,0.314776,0.299082,0.307091,-0.00801,-0.015695,0.303594,-0.298713
medium_proxy,0.6,0.8,0.2,training_distribution_eval,memoryless_agent,3,0.47,0.492,0.8486,0.750886,0.1514,0.2454,0.6032,0.308256,0.316288,0.310848,0.005439,0.008031,-0.09999,-0.085638
medium_proxy,0.6,0.8,0.2,decorrelated_eval,memoryless_agent,3,0.47,0.492,0.8416,0.750679,0.1584,0.248,0.5936,0.308888,0.316616,0.310008,0.006607,0.007728,-0.109942,-0.094587
medium_proxy,0.6,0.8,0.2,training_distribution_eval,memoryless_agent,4,0.48,0.502,0.7486,0.746279,0.2514,0.304,0.4446,0.316631,0.306281,0.293112,0.013168,-0.01035,0.293439,-0.205718
medium_proxy,0.6,0.8,0.2,decorrelated_eval,memoryless_agent,4,0.48,0.502,0.7538,0.746352,0.2462,0.3058,0.448,0.315755,0.305337,0.292872,0.012465,-0.010418,0.289616,-0.211782
medium_proxy,0.6,0.8,0.2,training_distribution_eval,memoryless_agent,5,0.476,0.498,0.7502,0.750577,0.2498,0.1472,0.603,0.30361,0.304926,0.307109,-0.002183,0.001316,0.296602,-0.098941
medium_proxy,0.6,0.8,0.2,decorrelated_eval,memoryless_agent,5,0.476,0.498,0.7508,0.750469,0.2492,0.1476,0.6032,0.304238,0.304712,0.307303,-0.002591,0.000474,0.299198,-0.099856
medium_proxy,0.6,0.8,0.2,training_distribution_eval,memoryless_agent,6,0.468,0.49,0.5518,0.747904,0.4482,0.1514,0.4004,0.315654,0.305842,0.304659,0.001183,-0.009811,0.103352,0.099527
medium_proxy,0.6,0.8,0.2,decorrelated_eval,memoryless_agent,6,0.468,0.49,0.546,0.747791,0.454,0.1512,0.3948,0.319784,0.309666,0.308071,0.001594,-0.010118,0.094185,0.105041
medium_proxy,0.6,0.8,0.2,training_distribution_eval,memoryless_agent,7,0.484,0.506,0.6528,0.74916,0.3472,0.2462,0.4066,0.288601,0.290028,0.28191,0.008118,0.001427,-0.108245,-0.100006
medium_proxy,0.6,0.8,0.2,decorrelated_eval,memoryless_agent,7,0.484,0.506,0.651,0.749199,0.349,0.2518,0.3992,0.288888,0.290784,0.282291,0.008492,0.001896,-0.095525,-0.103992
medium_proxy,0.6,0.8,0.2,training_distribution_eval,memoryless_agent,8,0.468,0.49,0.6994,0.748797,0.3006,0.3006,0.3988,0.304578,0.312476,0.292393,0.020083,0.007897,0.192257,-0.197492
medium_proxy,0.6,0.8,0.2,decorrelated_eval,memoryless_agent,8,0.468,0.49,0.6998,0.748736,0.3002,0.3038,0.396,0.308497,0.31721,0.295421,0.021789,0.008714,0.188483,-0.197965
medium_proxy,0.6,0.8,0.2,training_distribution_eval,memoryless_agent,9,0.444,0.466,0.7454,0.750398,0.2546,0.2588,0.4866,0.286392,0.28361,0.290416,-0.006806,-0.002782,-0.089366,-0.098919
medium_proxy,0.6,0.8,0.2,decorrelated_eval,memoryless_agent,9,0.444,0.466,0.7534,0.750426,0.2466,0.2464,0.507,0.291765,0.287785,0.296564,-0.008779,-0.00398,-0.092192,-0.092591
medium_proxy,0.6,0.8,0.2,training_distribution_eval,memoryless_agent,10,0.488,0.51,0.8526,0.751867,0.1474,0.357,0.4956,0.285925,0.303085,0.291396,0.011689,0.01716,-0.300694,0.102445
medium_proxy,0.6,0.8,0.2,decorrelated_eval,memoryless_agent,10,0.488,0.51,0.8502,0.751822,0.1498,0.3576,0.4926,0.285125,0.301999,0.290371,0.011628,0.016874,-0.299361,0.097372
medium_proxy,0.6,0.8,0.2,training_distribution_eval,memoryless_agent,11,0.484,0.506,0.8022,0.750168,0.1978,0.151,0.6512,0.292795,0.279906,0.300145,-0.020239,-0.012889,0.008138,-0.102682
medium_proxy,0.6,0.8,0.2,decorrelated_eval,memoryless_agent,11,0.484,0.506,0.8006,0.750125,0.1994,0.1526,0.648,0.291366,0.278461,0.298386,-0.019925,-0.012905,0.01016,-0.099478
medium_proxy,0.6,0.8,0.2,training_distribution_eval,memoryless_agent,12,0.506,0.528,0.7526,0.749678,0.2474,0.198,0.5546,0.314923,0.314116,0.312509,0.001606,-0.000808,-0.099153,0.009459
medium_proxy,0.6,0.8,0.2,decorrelated_eval,memoryless_agent,12,0.506,0.528,0.7558,0.749664,0.2442,0.2004,0.5554,0.311965,0.310943,0.309567,0.001376,-0.001022,-0.093293,-0.000808
medium_proxy,0.6,0.8,0.2,training_distribution_eval,memoryless_agent,13,0.498,0.52,0.7952,0.746618,0.2048,0.3422,0.453,0.331867,0.319306,0.312747,0.006559,-0.012561,0.209833,-0.300253
medium_proxy,0.6,0.8,0.2,decorrelated_eval,memoryless_agent,13,0.498,0.52,0.7958,0.746627,0.2042,0.3484,0.4474,0.32543,0.313495,0.306022,0.007474,-0.011935,0.216341,-0.300538
medium_proxy,0.6,0.8,0.2,training_distribution_eval,memoryless_agent,14,0.472,0.494,0.6474,0.74819,0.3526,0.1998,0.4476,0.325633,0.318396,0.315934,0.002462,-0.007237,0.095444,-0.191545
medium_proxy,0.6,0.8,0.2,decorrelated_eval,memoryless_agent,14,0.472,0.494,0.655,0.74824,0.345,0.201,0.454,0.328936,0.321719,0.319635,0.002085,-0.007217,0.095714,-0.189675
medium_proxy,0.6,0.8,0.2,training_distribution_eval,memoryless_agent,15,0.46,0.482,0.8484,0.753319,0.1516,0.3408,0.5076,0.277376,0.292694,0.294929,-0.002235,0.015318,-0.100742,0.300453
medium_proxy,0.6,0.8,0.2,decorrelated_eval,memoryless_agent,15,0.46,0.482,0.8516,0.753389,0.1484,0.3538,0.4978,0.28228,0.299382,0.299478,-9.6e-05,0.017101,-0.098656,0.297832
medium_proxy,0.6,0.8,0.2,training_distribution_eval,memoryless_agent,16,0.454,0.476,0.9498,0.752794,0.0502,0.304,0.6458,0.273697,0.285951,0.289328,-0.003376,0.012255,0.103633,-0.212437
medium_proxy,0.6,0.8,0.2,decorrelated_eval,memoryless_agent,16,0.454,0.476,0.9462,0.752813,0.0538,0.2972,0.649,0.280857,0.291823,0.297267,-0.005445,0.010966,0.104223,-0.215485
medium_proxy,0.6,0.8,0.2,training_distribution_eval,memoryless_agent,17,0.466,0.488,0.8042,0.750067,0.1958,0.1502,0.654,0.299934,0.28964,0.30565,-0.01601,-0.010294,0.397644,0.10419
medium_proxy,0.6,0.8,0.2,decorrelated_eval,memoryless_agent,17,0.466,0.488,0.798,0.750001,0.202,0.153,0.645,0.303922,0.293429,0.309213,-0.015784,-0.010494,0.395923,0.107802
medium_proxy,0.6,0.8,0.2,training_distribution_eval,memoryless_agent,18,0.46,0.482,0.7506,0.74862,0.2494,0.2972,0.4534,0.308225,0.313235,0.295609,0.017626,0.005011,0.096202,0.003522
medium_proxy,0.6,0.8,0.2,decorrelated_eval,memoryless_agent,18,0.46,0.482,0.7408,0.748269,0.2592,0.292,0.4488,0.31284,0.315673,0.2986,0.017073,0.002833,0.099293,0.013296
medium_proxy,0.6,0.8,0.2,training_distribution_eval,memoryless_agent,19,0.464,0.486,0.8498,0.749092,0.1502,0.258,0.5918,0.30324,0.291367,0.303089,-0.011722,-0.011873,-0.099975,-0.102057
medium_proxy,0.6,0.8,0.2,decorrelated_eval,memoryless_agent,19,0.464,0.486,0.8528,0.749229,0.1472,0.2564,0.5964,0.306441,0.295093,0.30705,-0.011957,-0.011348,-0.09617,-0.09908
medium_proxy,0.6,0.8,0.2,training_distribution_eval,memoryless_agent,20,0.48,0.502,0.809,0.750945,0.191,0.3622,0.4468,0.302419,0.312886,0.305031,0.007855,0.010467,-0.194578,-0.101409
medium_proxy,0.6,0.8,0.2,decorrelated_eval,memoryless_agent,20,0.48,0.502,0.8016,0.75051,0.1984,0.3594,0.4422,0.307842,0.316167,0.308154,0.008012,0.008325,-0.193499,-0.10592
medium_proxy,0.6,0.8,0.2,training_distribution_eval,memoryless_agent,21,0.502,0.524,0.7978,0.74781,0.2022,0.4072,0.3906,0.305748,0.308215,0.287555,0.02066,0.002467,0.008122,0.201834
medium_proxy,0.6,0.8,0.2,decorrelated_eval,memoryless_agent,21,0.502,0.524,0.7944,0.747671,0.2056,0.4024,0.392,0.306133,0.307648,0.28734,0.020307,0.001515,0.012846,0.200646
medium_proxy,0.6,0.8,0.2,training_distribution_eval,memoryless_agent,22,0.462,0.484,0.6432,0.747624,0.3568,0.1938,0.4494,0.315127,0.301945,0.302728,-0.000783,-0.013182,-0.099347,0.201332
medium_proxy,0.6,0.8,0.2,decorrelated_eval,memoryless_agent,22,0.462,0.484,0.6486,0.747727,0.3514,0.1982,0.4504,0.315133,0.302463,0.303288,-0.000824,-0.01267,-0.105046,0.19678
medium_proxy,0.6,0.8,0.2,training_distribution_eval,memoryless_agent,23,0.488,0.51,0.8008,0.750194,0.1992,0.2522,0.5486,0.307607,0.311509,0.30712,0.004389,0.003901,-0.203359,-0.095002
medium_proxy,0.6,0.8,0.2,decorrelated_eval,memoryless_agent,23,0.488,0.51,0.7952,0.750131,0.2048,0.2482,0.547,0.304641,0.308141,0.303843,0.004298,0.0035,-0.227899,-0.089708
medium_proxy,0.6,0.8,0.2,training_distribution_eval,memoryless_agent,24,0.476,0.498,0.7518,0.750079,0.2482,0.349,0.4028,0.296592,0.311068,0.289667,0.021401,0.014476,0.298793,-0.108909
medium_proxy,0.6,0.8,0.2,decorrelated_eval,memoryless_agent,24,0.476,0.498,0.7468,0.749965,0.2532,0.3462,0.4006,0.300134,0.313537,0.292867,0.02067,0.013403,0.307176,-0.104305
medium_proxy,0.6,0.8,0.2,training_distribution_eval,memoryless_agent,25,0.522,0.544,0.7582,0.749917,0.2418,0.3068,0.4514,0.30203,0.311452,0.296829,0.014623,0.009423,-0.099001,-0.002989
medium_proxy,0.6,0.8,0.2,decorrelated_eval,memoryless_agent,25,0.522,0.544,0.7538,0.749599,0.2462,0.3006,0.4532,0.299564,0.306519,0.293168,0.013351,0.006955,-0.088317,-0.006496
medium_proxy,0.6,0.8,0.2,training_distribution_eval,memoryless_agent,26,0.474,0.496,0.4994,0.747854,0.5006,0.1998,0.2996,0.303997,0.304308,0.286721,0.017587,0.000312,0.008798,0.203602
medium_proxy,0.6,0.8,0.2,decorrelated_eval,memoryless_agent,26,0.474,0.496,0.499,0.747885,0.501,0.2056,0.2934,0.306839,0.307731,0.289516,0.018215,0.000892,-0.012064,0.22242
medium_proxy,0.6,0.8,0.2,training_distribution_eval,memoryless_agent,27,0.456,0.478,0.8468,0.751676,0.1532,0.402,0.4448,0.298139,0.309933,0.305007,0.004926,0.011795,-0.303246,0.006762
medium_proxy,0.6,0.8,0.2,decorrelated_eval,memoryless_agent,27,0.456,0.478,0.8494,0.751648,0.1506,0.4016,0.4478,0.301959,0.313563,0.308689,0.004874,0.011604,-0.30848,-0.001356
medium_proxy,0.6,0.8,0.2,training_distribution_eval,memoryless_agent,28,0.496,0.518,0.6004,0.74878,0.3996,0.2008,0.3996,0.309676,0.301684,0.304074,-0.00239,-0.007992,0.198264,0.005906
medium_proxy,0.6,0.8,0.2,decorrelated_eval,memoryless_agent,28,0.496,0.518,0.6088,0.748713,0.3912,0.205,0.4038,0.307501,0.299407,0.301415,-0.002007,-0.008094,0.207697,0.007044
medium_proxy,0.6,0.8,0.2,training_distribution_eval,memoryless_agent,29,0.494,0.516,0.9006,0.751971,0.0994,0.5016,0.399,0.285755,0.310156,0.289058,0.021098,0.0244,-0.000849,0.015126
medium_proxy,0.6,0.8,0.2,decorrelated_eval,memoryless_agent,29,0.494,0.516,0.8986,0.752005,0.1014,0.4936,0.405,0.283784,0.308133,0.287386,0.020747,0.024349,0.006616,0.021714
medium_proxy,0.6,0.8,0.2,training_distribution_eval,memory_agent,0,0.492,0.514,0.764,0.748622,0.236,0.4286,0.3354,0.304345,0.306606,0.292577,0.014029,0.002262,0.065747,-0.131685
medium_proxy,0.6,0.8,0.2,decorrelated_eval,memory_agent,0,0.492,0.514,0.7268,0.747541,0.2732,0.373,0.3538,0.299199,0.295713,0.281888,0.013825,-0.003486,0.068942,-0.058179
medium_proxy,0.6,0.8,0.2,training_distribution_eval,memory_agent,1,0.498,0.52,0.817,0.749878,0.183,0.2946,0.5224,0.290659,0.290835,0.289579,0.001256,0.000176,0.239594,-0.138195
medium_proxy,0.6,0.8,0.2,decorrelated_eval,memory_agent,1,0.498,0.52,0.8194,0.749992,0.1806,0.3238,0.4956,0.283417,0.284447,0.28288,0.001567,0.00103,0.137422,-0.155837
medium_proxy,0.6,0.8,0.2,training_distribution_eval,memory_agent,2,0.516,0.538,0.6074,0.747069,0.3926,0.1112,0.4962,0.322199,0.296145,0.312563,-0.016419,-0.026055,-0.032249,0.092459
medium_proxy,0.6,0.8,0.2,decorrelated_eval,memory_agent,2,0.516,0.538,0.6172,0.746307,0.3828,0.1186,0.4986,0.31484,0.285646,0.300871,-0.015225,-0.029194,-0.163367,0.13932
medium_proxy,0.6,0.8,0.2,training_distribution_eval,memory_agent,3,0.47,0.492,0.7654,0.749937,0.2346,0.2914,0.474,0.304342,0.311296,0.300361,0.010934,0.006954,-0.143325,-0.05247
medium_proxy,0.6,0.8,0.2,decorrelated_eval,memory_agent,3,0.47,0.492,0.7526,0.749245,0.2474,0.3216,0.431,0.300994,0.30921,0.29141,0.0178,0.008216,-0.088582,-0.160718
medium_proxy,0.6,0.8,0.2,training_distribution_eval,memory_agent,4,0.48,0.502,0.7048,0.748285,0.2952,0.1984,0.5064,0.309135,0.301707,0.299829,0.001878,-0.007429,0.309137,0.141217
medium_proxy,0.6,0.8,0.2,decorrelated_eval,memory_agent,4,0.48,0.502,0.7484,0.749527,0.2516,0.2246,0.5238,0.296002,0.296269,0.292816,0.003453,0.000267,0.302634,0.046287
medium_proxy,0.6,0.8,0.2,training_distribution_eval,memory_agent,5,0.476,0.498,0.7856,0.750338,0.2144,0.4408,0.3448,0.303114,0.310851,0.301208,0.009643,0.007737,0.031944,-0.068827
medium_proxy,0.6,0.8,0.2,decorrelated_eval,memory_agent,5,0.476,0.498,0.7726,0.749746,0.2274,0.4226,0.35,0.3025,0.308581,0.296736,0.011845,0.006082,0.050656,0.043905
medium_proxy,0.6,0.8,0.2,training_distribution_eval,memory_agent,6,0.468,0.49,0.697,0.750294,0.303,0.1434,0.5536,0.301028,0.299407,0.304506,-0.0051,-0.001621,-0.014146,-0.096512
medium_proxy,0.6,0.8,0.2,decorrelated_eval,memory_agent,6,0.468,0.49,0.7208,0.750573,0.2792,0.1642,0.5566,0.300692,0.299946,0.306013,-0.006067,-0.000746,0.049472,-0.1513
medium_proxy,0.6,0.8,0.2,training_distribution_eval,memory_agent,7,0.484,0.506,0.552,0.747828,0.448,0.1984,0.3536,0.299594,0.293924,0.285525,0.008398,-0.005671,0.299917,-0.206883
medium_proxy,0.6,0.8,0.2,decorrelated_eval,memory_agent,7,0.484,0.506,0.5582,0.7481,0.4418,0.213,0.3452,0.291679,0.28966,0.27814,0.011521,-0.002019,0.284922,-0.216979
medium_proxy,0.6,0.8,0.2,training_distribution_eval,memory_agent,8,0.468,0.49,0.7766,0.752387,0.2234,0.3626,0.414,0.285806,0.305568,0.293674,0.011895,0.019763,-0.035656,-0.139039
medium_proxy,0.6,0.8,0.2,decorrelated_eval,memory_agent,8,0.468,0.49,0.7674,0.752073,0.2326,0.3706,0.3968,0.288069,0.311588,0.29132,0.020268,0.023518,0.045182,-0.028255
medium_proxy,0.6,0.8,0.2,training_distribution_eval,memory_agent,9,0.444,0.466,0.8236,0.74858,0.1764,0.3528,0.4708,0.290504,0.287854,0.280772,0.007082,-0.002649,0.230382,-0.156427
medium_proxy,0.6,0.8,0.2,decorrelated_eval,memory_agent,9,0.444,0.466,0.8304,0.748587,0.1696,0.3404,0.49,0.295138,0.289102,0.286778,0.002324,-0.006036,0.249193,-0.184817
medium_proxy,0.6,0.8,0.2,training_distribution_eval,memory_agent,10,0.488,0.51,0.7548,0.750784,0.2452,0.3372,0.4176,0.294661,0.317011,0.288989,0.028022,0.02235,-0.365752,0.202059
medium_proxy,0.6,0.8,0.2,decorrelated_eval,memory_agent,10,0.488,0.51,0.762,0.75054,0.238,0.332,0.43,0.286117,0.305633,0.280126,0.025507,0.019516,-0.278819,0.150131
medium_proxy,0.6,0.8,0.2,training_distribution_eval,memory_agent,11,0.484,0.506,0.6934,0.750321,0.3066,0.1974,0.496,0.29667,0.293795,0.300478,-0.006683,-0.002875,-0.134671,-0.065464
medium_proxy,0.6,0.8,0.2,decorrelated_eval,memory_agent,11,0.484,0.506,0.7248,0.751351,0.2752,0.2228,0.502,0.281386,0.285501,0.289951,-0.00445,0.004115,-0.13978,-0.047022
medium_proxy,0.6,0.8,0.2,training_distribution_eval,memory_agent,12,0.506,0.528,0.8118,0.751488,0.1882,0.3026,0.5092,0.303601,0.312958,0.310753,0.002204,0.009357,0.093999,-0.060393
medium_proxy,0.6,0.8,0.2,decorrelated_eval,memory_agent,12,0.506,0.528,0.827,0.752479,0.173,0.271,0.556,0.287679,0.297155,0.302486,-0.005331,0.009476,0.051345,-0.052225
medium_proxy,0.6,0.8,0.2,training_distribution_eval,memory_agent,13,0.498,0.52,0.7402,0.748646,0.2598,0.3286,0.4116,0.320844,0.317274,0.311579,0.005694,-0.003571,0.074431,-0.135168
medium_proxy,0.6,0.8,0.2,decorrelated_eval,memory_agent,13,0.498,0.52,0.712,0.748135,0.288,0.3262,0.3858,0.307884,0.304021,0.294691,0.00933,-0.003863,0.00153,-0.03574
medium_proxy,0.6,0.8,0.2,training_distribution_eval,memory_agent,14,0.472,0.494,0.7954,0.751084,0.2046,0.212,0.5834,0.298947,0.300592,0.30659,-0.005998,0.001645,0.122428,-0.171388
medium_proxy,0.6,0.8,0.2,decorrelated_eval,memory_agent,14,0.472,0.494,0.7698,0.750715,0.2302,0.2174,0.5524,0.299768,0.299501,0.305517,-0.006016,-0.000266,0.153813,-0.143116
medium_proxy,0.6,0.8,0.2,training_distribution_eval,memory_agent,15,0.46,0.482,0.801,0.752387,0.199,0.172,0.629,0.276153,0.279713,0.292831,-0.013117,0.00356,-0.065528,0.00414
medium_proxy,0.6,0.8,0.2,decorrelated_eval,memory_agent,15,0.46,0.482,0.8048,0.752477,0.1952,0.2062,0.5986,0.279686,0.285997,0.295648,-0.009651,0.006311,-0.090141,-0.014786
medium_proxy,0.6,0.8,0.2,training_distribution_eval,memory_agent,16,0.454,0.476,0.7176,0.749057,0.2824,0.1952,0.5224,0.28775,0.280902,0.283648,-0.002746,-0.006849,-0.036013,0.139516
medium_proxy,0.6,0.8,0.2,decorrelated_eval,memory_agent,16,0.454,0.476,0.707,0.748343,0.293,0.2548,0.4522,0.296013,0.290145,0.2857,0.004445,-0.005868,0.002216,0.069962
medium_proxy,0.6,0.8,0.2,training_distribution_eval,memory_agent,17,0.466,0.488,0.7214,0.749527,0.2786,0.296,0.4254,0.297739,0.290862,0.297366,-0.006505,-0.006878,0.152905,-0.267863
medium_proxy,0.6,0.8,0.2,decorrelated_eval,memory_agent,17,0.466,0.488,0.727,0.74996,0.273,0.2932,0.4338,0.296472,0.294601,0.296999,-0.002398,-0.001871,0.142121,-0.304089
medium_proxy,0.6,0.8,0.2,training_distribution_eval,memory_agent,18,0.46,0.482,0.7092,0.751698,0.2908,0.3036,0.4056,0.293548,0.314837,0.296163,0.018674,0.021289,-0.36953,0.130926
medium_proxy,0.6,0.8,0.2,decorrelated_eval,memory_agent,18,0.46,0.482,0.6928,0.750713,0.3072,0.2522,0.4406,0.295286,0.305266,0.296028,0.009238,0.00998,-0.312498,0.111778
medium_proxy,0.6,0.8,0.2,training_distribution_eval,memory_agent,19,0.464,0.486,0.6786,0.747842,0.3214,0.2952,0.3834,0.301349,0.295173,0.287691,0.007482,-0.006176,0.385108,-0.172199
medium_proxy,0.6,0.8,0.2,decorrelated_eval,memory_agent,19,0.464,0.486,0.701,0.748305,0.299,0.278,0.423,0.298749,0.29054,0.28986,0.000681,-0.008209,0.394426,-0.145741
medium_proxy,0.6,0.8,0.2,training_distribution_eval,memory_agent,20,0.48,0.502,0.7554,0.750702,0.2446,0.1116,0.6438,0.301002,0.291981,0.311313,-0.019332,-0.009021,-0.101362,0.037597
medium_proxy,0.6,0.8,0.2,decorrelated_eval,memory_agent,20,0.48,0.502,0.7232,0.749726,0.2768,0.122,0.6012,0.302357,0.290361,0.306766,-0.016405,-0.011996,-0.163404,0.056509
medium_proxy,0.6,0.8,0.2,training_distribution_eval,memory_agent,21,0.502,0.524,0.9048,0.753694,0.0952,0.1658,0.739,0.289508,0.295143,0.314852,-0.019709,0.005634,0.004196,0.054226
medium_proxy,0.6,0.8,0.2,decorrelated_eval,memory_agent,21,0.502,0.524,0.8966,0.75412,0.1034,0.1418,0.7548,0.279474,0.284523,0.308416,-0.023893,0.005049,0.011196,0.08931
medium_proxy,0.6,0.8,0.2,training_distribution_eval,memory_agent,22,0.462,0.484,0.7606,0.749676,0.2394,0.1804,0.5802,0.300231,0.290817,0.302291,-0.011474,-0.009414,-0.208518,0.092136
medium_proxy,0.6,0.8,0.2,decorrelated_eval,memory_agent,22,0.462,0.484,0.7466,0.749288,0.2534,0.1724,0.5742,0.295794,0.283616,0.296316,-0.0127,-0.012178,-0.196367,0.138845
medium_proxy,0.6,0.8,0.2,training_distribution_eval,memory_agent,23,0.488,0.51,0.8544,0.752822,0.1456,0.2704,0.584,0.290134,0.300668,0.306592,-0.005925,0.010534,0.022284,-0.073816
medium_proxy,0.6,0.8,0.2,decorrelated_eval,memory_agent,23,0.488,0.51,0.8534,0.753535,0.1466,0.2804,0.573,0.276878,0.294577,0.295314,-0.000737,0.017699,0.103906,-0.057607
medium_proxy,0.6,0.8,0.2,training_distribution_eval,memory_agent,24,0.476,0.498,0.6776,0.748878,0.3224,0.222,0.4556,0.298754,0.290363,0.294338,-0.003975,-0.008391,-0.366644,0.168278
medium_proxy,0.6,0.8,0.2,decorrelated_eval,memory_agent,24,0.476,0.498,0.6712,0.74814,0.3288,0.207,0.4642,0.301102,0.285019,0.295156,-0.010137,-0.016083,-0.347411,0.090599
medium_proxy,0.6,0.8,0.2,training_distribution_eval,memory_agent,25,0.522,0.544,0.6914,0.748374,0.3086,0.0864,0.605,0.312,0.291702,0.308936,-0.017234,-0.020298,0.146458,-0.051152
medium_proxy,0.6,0.8,0.2,decorrelated_eval,memory_agent,25,0.522,0.544,0.7524,0.749306,0.2476,0.1344,0.618,0.294836,0.281876,0.295449,-0.013573,-0.012961,0.099278,-0.046648
medium_proxy,0.6,0.8,0.2,training_distribution_eval,memory_agent,26,0.474,0.496,0.869,0.753591,0.131,0.4196,0.4494,0.278721,0.308989,0.291849,0.017141,0.030268,-0.262525,0.094322
medium_proxy,0.6,0.8,0.2,decorrelated_eval,memory_agent,26,0.474,0.496,0.851,0.753802,0.149,0.3976,0.4534,0.275115,0.306931,0.28929,0.017641,0.031815,-0.306458,0.110136
medium_proxy,0.6,0.8,0.2,training_distribution_eval,memory_agent,27,0.456,0.478,0.7834,0.751064,0.2166,0.2504,0.533,0.29444,0.299789,0.299676,0.000113,0.005349,-0.181514,0.187629
medium_proxy,0.6,0.8,0.2,decorrelated_eval,memory_agent,27,0.456,0.478,0.7698,0.751228,0.2302,0.2494,0.5204,0.29454,0.300709,0.300563,0.000146,0.006169,-0.165758,0.117494
medium_proxy,0.6,0.8,0.2,training_distribution_eval,memory_agent,28,0.496,0.518,0.7628,0.750532,0.2372,0.1702,0.5926,0.29503,0.294363,0.299694,-0.00533,-0.000667,-0.06837,0.063674
medium_proxy,0.6,0.8,0.2,decorrelated_eval,memory_agent,28,0.496,0.518,0.767,0.750655,0.233,0.173,0.594,0.283993,0.283581,0.289598,-0.006017,-0.000413,-0.045242,0.040727
medium_proxy,0.6,0.8,0.2,training_distribution_eval,memory_agent,29,0.494,0.516,0.819,0.752525,0.181,0.341,0.478,0.287598,0.309833,0.296418,0.013415,0.022235,0.098912,0.136891
medium_proxy,0.6,0.8,0.2,decorrelated_eval,memory_agent,29,0.494,0.516,0.8262,0.752401,0.1738,0.3076,0.5186,0.277535,0.294501,0.287851,0.006651,0.016966,0.143752,0.112995
strong_proxy,0.9,0.95,0.05,training_distribution_eval,memoryless_agent,0,0.492,0.514,0.645,0.747452,0.355,0.3938,0.2512,0.327857,0.326783,0.308283,0.0185,-0.001073,0.300478,-0.396688
strong_proxy,0.9,0.95,0.05,decorrelated_eval,memoryless_agent,0,0.492,0.514,0.6564,0.747636,0.3436,0.4018,0.2546,0.321244,0.321423,0.302491,0.018931,0.000179,0.295361,-0.394513
strong_proxy,0.9,0.95,0.05,training_distribution_eval,memoryless_agent,1,0.498,0.52,0.7026,0.749391,0.2974,0.2994,0.4032,0.312487,0.311568,0.308065,0.003504,-0.000919,-0.199709,0.004361
strong_proxy,0.9,0.95,0.05,decorrelated_eval,memoryless_agent,1,0.498,0.52,0.6934,0.749411,0.3066,0.293,0.4004,0.3048,0.303552,0.30069,0.002861,-0.001248,-0.215782,0.016262
strong_proxy,0.9,0.95,0.05,training_distribution_eval,memoryless_agent,2,0.516,0.538,0.8932,0.751794,0.1068,0.1998,0.6934,0.321887,0.325856,0.33415,-0.008294,0.003968,0.201054,-0.00134
strong_proxy,0.9,0.95,0.05,decorrelated_eval,memoryless_agent,2,0.516,0.538,0.9032,0.751924,0.0968,0.2006,0.7026,0.309606,0.314096,0.322628,-0.008532,0.004491,0.190777,0.002463
strong_proxy,0.9,0.95,0.05,training_distribution_eval,memoryless_agent,3,0.47,0.492,0.8466,0.750737,0.1534,0.1496,0.697,0.302004,0.295876,0.310641,-0.014765,-0.006129,-0.103241,-0.297297
strong_proxy,0.9,0.95,0.05,decorrelated_eval,memoryless_agent,3,0.47,0.492,0.8426,0.750664,0.1574,0.1492,0.6934,0.304551,0.298065,0.312794,-0.014729,-0.006486,-0.111935,-0.299478
strong_proxy,0.9,0.95,0.05,training_distribution_eval,memoryless_agent,4,0.48,0.502,0.495,0.742057,0.505,0.2006,0.2944,0.342006,0.307102,0.297914,0.009188,-0.034904,0.399542,-0.00122
strong_proxy,0.9,0.95,0.05,decorrelated_eval,memoryless_agent,4,0.48,0.502,0.4854,0.741913,0.5146,0.1898,0.2956,0.342249,0.305982,0.297709,0.008272,-0.036267,0.394815,-0.007731
strong_proxy,0.9,0.95,0.05,training_distribution_eval,memoryless_agent,5,0.476,0.498,0.8016,0.74873,0.1984,0.2,0.6016,0.314813,0.305517,0.309194,-0.003677,-0.009296,0.399517,-0.198889
strong_proxy,0.9,0.95,0.05,decorrelated_eval,memoryless_agent,5,0.476,0.498,0.8018,0.748744,0.1982,0.1954,0.6064,0.315996,0.30638,0.310644,-0.004263,-0.009616,0.397673,-0.201552
strong_proxy,0.9,0.95,0.05,training_distribution_eval,memoryless_agent,6,0.468,0.49,0.7508,0.749296,0.2492,0.398,0.3528,0.307559,0.315764,0.298185,0.017579,0.008205,-0.097643,0.000262
strong_proxy,0.9,0.95,0.05,decorrelated_eval,memoryless_agent,6,0.468,0.49,0.7546,0.749359,0.2454,0.3988,0.3558,0.317968,0.326844,0.308767,0.018077,0.008875,-0.098239,0.003898
strong_proxy,0.9,0.95,0.05,training_distribution_eval,memoryless_agent,7,0.484,0.506,0.6482,0.745341,0.3518,0.0992,0.549,0.329085,0.307469,0.303758,0.003711,-0.021616,0.5008,0.000581
strong_proxy,0.9,0.95,0.05,decorrelated_eval,memoryless_agent,7,0.484,0.506,0.6566,0.745535,0.3434,0.0994,0.5572,0.32357,0.302521,0.299484,0.003037,-0.021049,0.490051,-0.005523
strong_proxy,0.9,0.95,0.05,training_distribution_eval,memoryless_agent,8,0.468,0.49,0.7438,0.752942,0.2562,0.248,0.4958,0.290813,0.30492,0.306704,-0.001783,0.014107,-0.499415,0.099363
strong_proxy,0.9,0.95,0.05,decorrelated_eval,memoryless_agent,8,0.468,0.49,0.7476,0.753113,0.2524,0.2438,0.5038,0.298941,0.31327,0.316056,-0.002786,0.014329,-0.507439,0.091467
strong_proxy,0.9,0.95,0.05,training_distribution_eval,memoryless_agent,9,0.444,0.466,0.7556,0.74847,0.2444,0.2528,0.5028,0.295393,0.285149,0.288264,-0.003114,-0.010244,0.100293,-0.09543
strong_proxy,0.9,0.95,0.05,decorrelated_eval,memoryless_agent,9,0.444,0.466,0.75,0.748309,0.25,0.2474,0.5026,0.312461,0.300942,0.304685,-0.003743,-0.011519,0.1146,-0.086594
strong_proxy,0.9,0.95,0.05,training_distribution_eval,memoryless_agent,10,0.488,0.51,0.8002,0.751099,0.1998,0.3004,0.4998,0.306151,0.314827,0.310625,0.004202,0.008675,-0.199332,0.201726
strong_proxy,0.9,0.95,0.05,decorrelated_eval,memoryless_agent,10,0.488,0.51,0.7964,0.750868,0.2036,0.3022,0.4942,0.303522,0.310892,0.306845,0.004048,0.007371,-0.188474,0.178484
strong_proxy,0.9,0.95,0.05,training_distribution_eval,memoryless_agent,11,0.484,0.506,0.6988,0.750219,0.3012,0.2526,0.4462,0.300522,0.296223,0.304088,-0.007865,-0.004299,-0.203475,-0.099851
strong_proxy,0.9,0.95,0.05,decorrelated_eval,memoryless_agent,11,0.484,0.506,0.7024,0.750224,0.2976,0.2558,0.4466,0.297911,0.293606,0.301522,-0.007915,-0.004304,-0.198962,-0.107395
strong_proxy,0.9,0.95,0.05,training_distribution_eval,memoryless_agent,12,0.506,0.528,0.4934,0.744498,0.5066,0.102,0.3914,0.346253,0.316559,0.318286,-0.001726,-0.029694,0.200647,-0.003171
strong_proxy,0.9,0.95,0.05,decorrelated_eval,memoryless_agent,12,0.506,0.528,0.505,0.74464,0.495,0.1042,0.4008,0.335105,0.30603,0.307961,-0.001931,-0.029075,0.20332,0.005517
strong_proxy,0.9,0.95,0.05,training_distribution_eval,memoryless_agent,13,0.498,0.52,0.5022,0.744322,0.4978,0.1566,0.3456,0.350277,0.325851,0.317775,0.008076,-0.024426,-0.20375,0.301154
strong_proxy,0.9,0.95,0.05,decorrelated_eval,memoryless_agent,13,0.498,0.52,0.5012,0.744412,0.4988,0.1418,0.3594,0.336412,0.311579,0.304812,0.006767,-0.024832,-0.18404,0.286349
strong_proxy,0.9,0.95,0.05,training_distribution_eval,memoryless_agent,14,0.472,0.494,0.649,0.747664,0.351,0.351,0.298,0.325828,0.32568,0.307401,0.018279,-0.000148,-0.097993,0.300509
strong_proxy,0.9,0.95,0.05,decorrelated_eval,memoryless_agent,14,0.472,0.494,0.651,0.747595,0.349,0.346,0.305,0.330879,0.330011,0.312262,0.017749,-0.000868,-0.085852,0.288928
strong_proxy,0.9,0.95,0.05,training_distribution_eval,memoryless_agent,15,0.46,0.482,0.8508,0.752373,0.1492,0.2008,0.65,0.28813,0.301286,0.299515,0.001771,0.013156,0.10805,0.005347
strong_proxy,0.9,0.95,0.05,decorrelated_eval,memoryless_agent,15,0.46,0.482,0.8498,0.752334,0.1502,0.201,0.6488,0.300402,0.313239,0.311635,0.001604,0.012837,0.10573,-0.004264
strong_proxy,0.9,0.95,0.05,training_distribution_eval,memoryless_agent,16,0.454,0.476,0.8018,0.750413,0.1982,0.2502,0.5516,0.292528,0.292125,0.296013,-0.003888,-0.000403,0.003276,-0.107224
strong_proxy,0.9,0.95,0.05,decorrelated_eval,memoryless_agent,16,0.454,0.476,0.8026,0.750482,0.1974,0.2454,0.5572,0.312749,0.312019,0.316913,-0.004894,-0.00073,-0.003595,-0.108416
strong_proxy,0.9,0.95,0.05,training_distribution_eval,memoryless_agent,17,0.466,0.488,0.7496,0.749668,0.2504,0.2032,0.5464,0.306215,0.294876,0.308841,-0.013965,-0.011338,0.094907,-0.195342
strong_proxy,0.9,0.95,0.05,decorrelated_eval,memoryless_agent,17,0.466,0.488,0.7444,0.749506,0.2556,0.198,0.5464,0.31935,0.306992,0.321187,-0.014196,-0.012358,0.096812,-0.194559
strong_proxy,0.9,0.95,0.05,training_distribution_eval,memoryless_agent,18,0.46,0.482,0.7504,0.749792,0.2496,0.3456,0.4048,0.306681,0.320974,0.298064,0.02291,0.014293,-0.097299,0.297187
strong_proxy,0.9,0.95,0.05,decorrelated_eval,memoryless_agent,18,0.46,0.482,0.7532,0.749941,0.2468,0.3546,0.3986,0.316442,0.332446,0.30813,0.024316,0.016005,-0.096565,0.299356
strong_proxy,0.9,0.95,0.05,training_distribution_eval,memoryless_agent,19,0.464,0.486,0.7034,0.746109,0.2966,0.2012,0.5022,0.313128,0.296045,0.291752,0.004293,-0.017083,0.193981,0.006483
strong_proxy,0.9,0.95,0.05,decorrelated_eval,memoryless_agent,19,0.464,0.486,0.6954,0.745813,0.3046,0.2006,0.4948,0.324496,0.305964,0.30155,0.004414,-0.018532,0.191152,0.005993
strong_proxy,0.9,0.95,0.05,training_distribution_eval,memoryless_agent,20,0.48,0.502,0.7536,0.750497,0.2464,0.2016,0.552,0.310276,0.305828,0.316419,-0.010591,-0.004448,-0.101558,-0.205789
strong_proxy,0.9,0.95,0.05,decorrelated_eval,memoryless_agent,20,0.48,0.502,0.7532,0.750506,0.2468,0.1974,0.5558,0.315495,0.310831,0.321818,-0.010987,-0.004664,-0.092094,-0.205053
strong_proxy,0.9,0.95,0.05,training_distribution_eval,memoryless_agent,21,0.502,0.524,0.6394,0.746217,0.3606,0.1426,0.4968,0.341066,0.316421,0.324254,-0.007833,-0.024645,0.500023,-0.298701
strong_proxy,0.9,0.95,0.05,decorrelated_eval,memoryless_agent,21,0.502,0.524,0.6404,0.746202,0.3596,0.1404,0.5,0.337254,0.312328,0.320441,-0.008113,-0.024926,0.497392,-0.288059
strong_proxy,0.9,0.95,0.05,training_distribution_eval,memoryless_agent,22,0.462,0.484,0.7512,0.750048,0.2488,0.202,0.5492,0.303468,0.291103,0.309804,-0.018701,-0.012365,0.10241,-0.20116
strong_proxy,0.9,0.95,0.05,decorrelated_eval,memoryless_agent,22,0.462,0.484,0.7524,0.75006,0.2476,0.2012,0.5512,0.30289,0.290471,0.309344,-0.018873,-0.012419,0.101546,-0.194172
strong_proxy,0.9,0.95,0.05,training_distribution_eval,memoryless_agent,23,0.488,0.51,0.7454,0.748092,0.2546,0.2492,0.4962,0.319798,0.313037,0.308124,0.004913,-0.006761,0.301336,-0.104595
strong_proxy,0.9,0.95,0.05,decorrelated_eval,memoryless_agent,23,0.488,0.51,0.764,0.748432,0.236,0.2514,0.5126,0.309848,0.304833,0.299956,0.004877,-0.005016,0.286355,-0.100784
strong_proxy,0.9,0.95,0.05,training_distribution_eval,memoryless_agent,24,0.476,0.498,0.8512,0.750457,0.1488,0.2008,0.6504,0.302827,0.291193,0.312136,-0.020942,-0.011633,-0.098455,0.000488
strong_proxy,0.9,0.95,0.05,decorrelated_eval,memoryless_agent,24,0.476,0.498,0.8484,0.750211,0.1516,0.1942,0.6542,0.309726,0.295751,0.318307,-0.022556,-0.013975,-0.092875,-0.009017
strong_proxy,0.9,0.95,0.05,training_distribution_eval,memoryless_agent,25,0.522,0.544,0.707,0.750696,0.293,0.3004,0.4066,0.323489,0.332569,0.324606,0.007963,0.00908,-0.199144,0.000579
strong_proxy,0.9,0.95,0.05,decorrelated_eval,memoryless_agent,25,0.522,0.544,0.7016,0.750525,0.2984,0.3092,0.3924,0.306938,0.315268,0.307044,0.008225,0.00833,-0.200472,0.000885
strong_proxy,0.9,0.95,0.05,training_distribution_eval,memoryless_agent,26,0.474,0.496,0.7004,0.749482,0.2996,0.2492,0.4512,0.303196,0.303716,0.298927,0.004789,0.00052,0.40208,-0.302001
strong_proxy,0.9,0.95,0.05,decorrelated_eval,memoryless_agent,26,0.474,0.496,0.6944,0.749463,0.3056,0.2452,0.4492,0.310905,0.311173,0.306624,0.004549,0.000269,0.408242,-0.310572
strong_proxy,0.9,0.95,0.05,training_distribution_eval,memoryless_agent,27,0.456,0.478,0.7494,0.750012,0.2506,0.2964,0.453,0.307615,0.307797,0.307396,0.000401,0.000181,0.103771,-0.00554
strong_proxy,0.9,0.95,0.05,decorrelated_eval,memoryless_agent,27,0.456,0.478,0.7482,0.750118,0.2518,0.3066,0.4416,0.322122,0.323891,0.321944,0.001947,0.001769,0.087764,0.007533
strong_proxy,0.9,0.95,0.05,training_distribution_eval,memoryless_agent,28,0.496,0.518,0.7436,0.750658,0.2564,0.199,0.5446,0.310618,0.314711,0.313847,0.000864,0.004093,0.497671,-0.0005
strong_proxy,0.9,0.95,0.05,decorrelated_eval,memoryless_agent,28,0.496,0.518,0.756,0.750738,0.244,0.206,0.55,0.296089,0.300881,0.299599,0.001282,0.004792,0.5,0.001889
strong_proxy,0.9,0.95,0.05,training_distribution_eval,memoryless_agent,29,0.494,0.516,0.8,0.751099,0.2,0.247,0.553,0.307627,0.316638,0.311799,0.004839,0.009011,-0.000801,-0.298466
strong_proxy,0.9,0.95,0.05,decorrelated_eval,memoryless_agent,29,0.494,0.516,0.7902,0.751013,0.2098,0.2484,0.5418,0.302866,0.311551,0.306526,0.005025,0.008685,-9.2e-05,-0.295595
strong_proxy,0.9,0.95,0.05,training_distribution_eval,memory_agent,0,0.49,0.512,0.8514,0.753919,0.1486,0.3834,0.468,0.306854,0.335941,0.322808,0.013133,0.029087,-0.105726,0.162754
strong_proxy,0.9,0.95,0.05,decorrelated_eval,memory_agent,0,0.4,0.422,0.8506,0.756503,0.1494,0.3038,0.5468,0.240732,0.265192,0.277965,-0.012773,0.02446,-0.101276,-0.003003
strong_proxy,0.9,0.95,0.05,training_distribution_eval,memory_agent,1,0.494,0.516,0.7508,0.749643,0.2492,0.3112,0.4396,0.316226,0.325823,0.308599,0.017224,0.009597,0.082327,0.371583
strong_proxy,0.9,0.95,0.05,decorrelated_eval,memory_agent,1,0.404,0.426,0.7738,0.750687,0.2262,0.3178,0.456,0.254316,0.269436,0.251147,0.018289,0.01512,0.030076,0.245784
strong_proxy,0.9,0.95,0.05,training_distribution_eval,memory_agent,2,0.516,0.538,0.8882,0.751823,0.1118,0.241,0.6472,0.321353,0.322494,0.33452,-0.012026,0.001141,0.175129,-0.2627
strong_proxy,0.9,0.95,0.05,decorrelated_eval,memory_agent,2,0.416,0.438,0.8812,0.754824,0.1188,0.2474,0.6338,0.248219,0.268031,0.273812,-0.005781,0.019812,0.050895,-0.093343
strong_proxy,0.9,0.95,0.05,training_distribution_eval,memory_agent,3,0.47,0.492,0.5232,0.744987,0.4768,0.2124,0.3108,0.334832,0.311855,0.307371,0.004484,-0.022977,0.17411,0.171526
strong_proxy,0.9,0.95,0.05,decorrelated_eval,memory_agent,3,0.384,0.406,0.6208,0.746688,0.3792,0.2748,0.346,0.281267,0.263997,0.263762,0.000235,-0.01727,0.059671,0.044422
strong_proxy,0.9,0.95,0.05,training_distribution_eval,memory_agent,4,0.478,0.5,0.571,0.746487,0.429,0.1786,0.3924,0.335568,0.315039,0.318079,-0.00304,-0.020529,0.253137,-0.270184
strong_proxy,0.9,0.95,0.05,decorrelated_eval,memory_agent,4,0.4,0.422,0.672,0.749516,0.328,0.2956,0.3764,0.275533,0.287904,0.263975,0.023929,0.012371,0.067937,-0.113402
strong_proxy,0.9,0.95,0.05,training_distribution_eval,memory_agent,5,0.472,0.494,0.803,0.75139,0.197,0.2642,0.5388,0.305993,0.3165,0.311511,0.004989,0.010507,0.151886,-0.212817
strong_proxy,0.9,0.95,0.05,decorrelated_eval,memory_agent,5,0.392,0.414,0.8272,0.75381,0.1728,0.3208,0.5064,0.254344,0.295497,0.262243,0.033253,0.041152,-0.038894,0.140455
strong_proxy,0.9,0.95,0.05,training_distribution_eval,memory_agent,6,0.464,0.486,0.7074,0.747207,0.2926,0.3946,0.3128,0.312198,0.30357,0.294852,0.008718,-0.008628,0.375305,-0.189875
strong_proxy,0.9,0.95,0.05,decorrelated_eval,memory_agent,6,0.384,0.406,0.7148,0.750311,0.2852,0.3712,0.3436,0.266373,0.274863,0.264825,0.010038,0.00849,0.26691,-0.153306
strong_proxy,0.9,0.95,0.05,training_distribution_eval,memory_agent,7,0.482,0.504,0.7226,0.750333,0.2774,0.2722,0.4504,0.30197,0.302417,0.303917,-0.0015,0.000447,0.003477,-0.098003
strong_proxy,0.9,0.95,0.05,decorrelated_eval,memory_agent,7,0.372,0.394,0.8034,0.753496,0.1966,0.35,0.4534,0.242159,0.26355,0.256267,0.007283,0.021391,0.001344,-0.094321
strong_proxy,0.9,0.95,0.05,training_distribution_eval,memory_agent,8,0.468,0.49,0.7194,0.74847,0.2806,0.2952,0.4242,0.31385,0.302873,0.307094,-0.004221,-0.010978,0.167104,-0.182373
strong_proxy,0.9,0.95,0.05,decorrelated_eval,memory_agent,8,0.392,0.414,0.7964,0.752859,0.2036,0.2494,0.547,0.259028,0.26129,0.279712,-0.018422,0.002262,-0.009318,-0.111797
strong_proxy,0.9,0.95,0.05,training_distribution_eval,memory_agent,9,0.442,0.464,0.576,0.745782,0.424,0.2464,0.3296,0.311501,0.290652,0.288661,0.001992,-0.020849,0.282275,-0.107493
strong_proxy,0.9,0.95,0.05,decorrelated_eval,memory_agent,9,0.346,0.368,0.6334,0.745772,0.3666,0.2234,0.41,0.284137,0.257717,0.26294,-0.005223,-0.02642,0.248321,-0.155336
strong_proxy,0.9,0.95,0.05,training_distribution_eval,memory_agent,10,0.488,0.51,0.8752,0.749954,0.1248,0.2074,0.6678,0.325949,0.316183,0.329959,-0.013776,-0.009766,0.026115,-0.225201
strong_proxy,0.9,0.95,0.05,decorrelated_eval,memory_agent,10,0.488,0.51,0.7914,0.746134,0.2086,0.2718,0.5196,0.286013,0.263271,0.265916,-0.002644,-0.022742,0.140734,-0.353565
strong_proxy,0.9,0.95,0.05,training_distribution_eval,memory_agent,11,0.482,0.504,0.7076,0.749338,0.2924,0.1492,0.5584,0.316263,0.307721,0.315131,-0.00741,-0.008542,0.164699,0.075899
strong_proxy,0.9,0.95,0.05,decorrelated_eval,memory_agent,11,0.374,0.396,0.754,0.75037,0.246,0.149,0.605,0.256622,0.242358,0.266054,-0.023696,-0.014264,-0.000603,-0.002681
strong_proxy,0.9,0.95,0.05,training_distribution_eval,memory_agent,12,0.506,0.528,0.8834,0.752266,0.1166,0.3472,0.5362,0.317207,0.334824,0.326595,0.008229,0.017617,0.025419,0.244556
strong_proxy,0.9,0.95,0.05,decorrelated_eval,memory_agent,12,0.422,0.444,0.8246,0.752291,0.1754,0.2936,0.531,0.260751,0.275698,0.273381,0.002317,0.014947,0.144906,0.012529
strong_proxy,0.9,0.95,0.05,training_distribution_eval,memory_agent,13,0.498,0.52,0.83,0.749374,0.17,0.383,0.447,0.325704,0.331914,0.317173,0.014741,0.00621,0.099359,0.174038
strong_proxy,0.9,0.95,0.05,decorrelated_eval,memory_agent,13,0.498,0.52,0.7636,0.748811,0.2364,0.285,0.4786,0.264237,0.254469,0.25857,-0.004101,-0.009768,0.089347,0.063478
strong_proxy,0.9,0.95,0.05,training_distribution_eval,memory_agent,14,0.472,0.494,0.8308,0.750027,0.1692,0.2098,0.621,0.30931,0.303212,0.312496,-0.009285,-0.006099,0.085436,0.014317
strong_proxy,0.9,0.95,0.05,decorrelated_eval,memory_agent,14,0.378,0.4,0.7442,0.745037,0.2558,0.2278,0.5164,0.285147,0.259838,0.258301,0.001537,-0.025309,0.007656,0.039388
strong_proxy,0.9,0.95,0.05,training_distribution_eval,memory_agent,15,0.46,0.482,0.8094,0.750805,0.1906,0.236,0.5734,0.289643,0.287917,0.29703,-0.009113,-0.001726,0.17322,0.096091
strong_proxy,0.9,0.95,0.05,decorrelated_eval,memory_agent,15,0.358,0.38,0.8224,0.752436,0.1776,0.1784,0.644,0.249458,0.24711,0.269372,-0.022262,-0.002347,0.1495,0.055869
strong_proxy,0.9,0.95,0.05,training_distribution_eval,memory_agent,16,0.452,0.474,0.66,0.74989,0.34,0.1702,0.4898,0.295186,0.292633,0.29558,-0.002947,-0.002553,-0.126318,-0.080379
strong_proxy,0.9,0.95,0.05,decorrelated_eval,memory_agent,16,0.366,0.388,0.7086,0.751342,0.2914,0.2326,0.476,0.266074,0.280067,0.269417,0.01065,0.013994,-0.211505,-0.048323
strong_proxy,0.9,0.95,0.05,training_distribution_eval,memory_agent,17,0.466,0.488,0.8804,0.751357,0.1196,0.1826,0.6978,0.295625,0.293437,0.307381,-0.013943,-0.002188,0.192049,-0.000791
strong_proxy,0.9,0.95,0.05,decorrelated_eval,memory_agent,17,0.388,0.41,0.7614,0.74708,0.2386,0.0972,0.6642,0.279025,0.242976,0.275178,-0.032203,-0.036049,0.138723,0.008838
strong_proxy,0.9,0.95,0.05,training_distribution_eval,memory_agent,18,0.46,0.482,0.7942,0.74949,0.2058,0.3916,0.4026,0.299588,0.304043,0.293312,0.010731,0.004455,0.007931,-0.016483
strong_proxy,0.9,0.95,0.05,decorrelated_eval,memory_agent,18,0.386,0.408,0.7732,0.750647,0.2268,0.3576,0.4156,0.259152,0.273424,0.256348,0.017076,0.014272,0.061281,-0.106695
strong_proxy,0.9,0.95,0.05,training_distribution_eval,memory_agent,19,0.464,0.486,0.7394,0.748948,0.2606,0.384,0.3554,0.307508,0.301914,0.302415,-0.000501,-0.005594,0.093975,-0.194823
strong_proxy,0.9,0.95,0.05,decorrelated_eval,memory_agent,19,0.394,0.416,0.6646,0.744822,0.3354,0.2726,0.392,0.284639,0.239839,0.268185,-0.028346,-0.0448,0.041177,-0.142076
strong_proxy,0.9,0.95,0.05,training_distribution_eval,memory_agent,20,0.48,0.502,0.747,0.752097,0.253,0.2068,0.5402,0.309923,0.315449,0.323581,-0.008132,0.005526,-0.27325,-0.165054
strong_proxy,0.9,0.95,0.05,decorrelated_eval,memory_agent,20,0.392,0.414,0.7256,0.753632,0.2744,0.2458,0.4798,0.265207,0.279967,0.286553,-0.006586,0.014761,-0.145658,0.002033
strong_proxy,0.9,0.95,0.05,training_distribution_eval,memory_agent,21,0.502,0.524,0.7986,0.750583,0.2014,0.2878,0.5108,0.327855,0.325572,0.333449,-0.007877,-0.002283,-0.213443,-0.139502
strong_proxy,0.9,0.95,0.05,decorrelated_eval,memory_agent,21,0.414,0.436,0.7716,0.75083,0.2284,0.26,0.5116,0.275613,0.279923,0.279816,0.000107,0.00431,-0.25007,0.146989
strong_proxy,0.9,0.95,0.05,training_distribution_eval,memory_agent,22,0.462,0.484,0.708,0.749213,0.292,0.2474,0.4606,0.303606,0.301037,0.298909,0.002128,-0.002569,-0.001716,0.266055
strong_proxy,0.9,0.95,0.05,decorrelated_eval,memory_agent,22,0.352,0.374,0.7476,0.749669,0.2524,0.2498,0.4978,0.247698,0.244716,0.246709,-0.001993,-0.002983,0.008145,0.099671
strong_proxy,0.9,0.95,0.05,training_distribution_eval,memory_agent,23,0.488,0.51,0.7226,0.750177,0.2774,0.3046,0.418,0.317072,0.326983,0.313323,0.01366,0.009911,0.173628,0.16264
strong_proxy,0.9,0.95,0.05,decorrelated_eval,memory_agent,23,0.488,0.51,0.8284,0.755028,0.1716,0.3266,0.5018,0.237773,0.274835,0.258181,0.016654,0.037062,0.035678,0.058287
strong_proxy,0.9,0.95,0.05,training_distribution_eval,memory_agent,24,0.476,0.498,0.7106,0.751789,0.2894,0.3408,0.3698,0.30235,0.310423,0.312503,-0.00208,0.008073,-0.183795,-0.110859
strong_proxy,0.9,0.95,0.05,decorrelated_eval,memory_agent,24,0.4,0.422,0.7714,0.752804,0.2286,0.3006,0.4708,0.255379,0.259687,0.274021,-0.014334,0.004308,-0.047727,-0.189268
strong_proxy,0.9,0.95,0.05,training_distribution_eval,memory_agent,25,0.52,0.542,0.7868,0.751361,0.2132,0.3472,0.4396,0.329155,0.337933,0.335505,0.002428,0.008779,-0.026974,0.127385
strong_proxy,0.9,0.95,0.05,decorrelated_eval,memory_agent,25,0.392,0.414,0.7506,0.74964,0.2494,0.322,0.4286,0.260994,0.260711,0.25871,0.002002,-0.000283,-0.108402,0.251798
strong_proxy,0.9,0.95,0.05,training_distribution_eval,memory_agent,26,0.474,0.496,0.6766,0.74992,0.3234,0.2974,0.3792,0.314681,0.318812,0.311893,0.006919,0.00413,-0.099083,0.203276
strong_proxy,0.9,0.95,0.05,decorrelated_eval,memory_agent,26,0.474,0.496,0.7942,0.752501,0.2058,0.296,0.4982,0.258355,0.271748,0.270403,0.001345,0.013393,-0.098235,0.205417
strong_proxy,0.9,0.95,0.05,training_distribution_eval,memory_agent,27,0.456,0.478,0.7308,0.749289,0.2692,0.283,0.4478,0.297847,0.300274,0.291113,0.009161,0.002427,-0.133213,0.362372
strong_proxy,0.9,0.95,0.05,decorrelated_eval,memory_agent,27,0.388,0.41,0.6872,0.748717,0.3128,0.2566,0.4306,0.273406,0.257229,0.270899,-0.013669,-0.016177,-0.260509,0.21881
strong_proxy,0.9,0.95,0.05,training_distribution_eval,memory_agent,28,0.496,0.518,0.756,0.749662,0.244,0.2078,0.5482,0.31465,0.313521,0.312828,0.000693,-0.001129,-0.075705,-0.016249
strong_proxy,0.9,0.95,0.05,decorrelated_eval,memory_agent,28,0.496,0.518,0.7724,0.751736,0.2276,0.2524,0.52,0.244625,0.259185,0.252848,0.006337,0.01456,0.057358,-0.097541
strong_proxy,0.9,0.95,0.05,training_distribution_eval,memory_agent,29,0.494,0.516,0.743,0.748773,0.257,0.2526,0.4904,0.329963,0.327541,0.321644,0.005896,-0.002423,0.106091,-0.123442
strong_proxy,0.9,0.95,0.05,decorrelated_eval,memory_agent,29,0.398,0.42,0.7274,0.747678,0.2726,0.2802,0.4472,0.272843,0.275725,0.253692,0.022034,0.002883,0.151614,-0.255751
